Id,Kind,Stage,X,Y,Z,Yaw,Pitch,Roll,Condition,Chapter,Campaign
2,bawk,40501,-257.00,5.00,28.00,0.00,0.00,0.00,,,Leon
3,bawk,40501,-255.00,5.00,32.00,0.00,0.00,0.00,,,Leon
4,bawk,40501,-256.00,5.00,34.00,0.00,0.00,0.00,,,Leon
5,bawk,40501,-255.00,6.00,38.00,0.00,0.00,0.00,,,Leon
6,bawk,40501,-252.00,6.00,43.00,0.00,0.00,0.00,,,Leon
7,bawk,40501,-249.00,6.00,45.00,0.00,0.00,0.00,,,Leon
8,bawk,40501,-250.00,6.00,46.00,0.00,0.00,0.00,,,Leon
9,bawk,40501,-253.00,6.00,48.00,0.00,0.00,0.00,,,Leon
10,bawk,40501,-257.00,6.00,49.00,0.00,0.00,0.00,,,Leon
11,bawk,40501,-257.00,6.00,51.00,0.00,0.00,0.00,,,Leon
12,bawk,40501,-255.00,6.00,51.00,0.00,0.00,0.00,,,Leon
13,bawk,40501,-253.00,6.00,51.00,0.00,0.00,0.00,,,Leon
14,bawk,40501,-251.00,6.00,50.00,0.00,0.00,0.00,,,Leon
15,bawk,40501,-248.00,6.00,49.00,0.00,0.00,0.00,,,Leon
16,bawk,40501,-250.00,6.00,48.00,0.00,0.00,0.00,,,Leon
17,bawk,40501,-252.00,6.00,53.00,0.00,0.00,0.00,,,Leon
18,bawk,40501,-250.00,6.00,55.00,0.00,0.00,0.00,,,Leon
19,bawk,40501,-245.00,6.00,52.00,0.00,0.00,0.00,,,Leon
20,Biorand_MerchantTorch,40500,-259.00,5.90,17.10,0.00,0.00,0.00,,,Leon
21,Biorand_Merchant,40500,-257.20,5.80,14.60,0.00,0.00,0.00,,,Leon
22,# Biorand_ExplosionWoodenBoxFake,40500,-257.20,5.80,15.30,0.00,0.00,0.00,,,Leon
23,# Biorand_ExplosionWoodenBoxFake,40500,-257.20,5.80,15.30,0.00,0.00,0.00,,,Leon
24,Biorand_WoodenBox,40501,-191.70,9.70,91.10,0.00,0.00,0.00,,,Leon
25,Biorand_WoodenBarrel,40502,-199.90,9.70,74.70,0.00,0.00,0.00,,,Leon
26,Biorand_TableDrawer,40502,-179.90,9.70,58.50,44.03,0.00,0.00,,,Leon
27,Biorand_Typewriter,40502,-180.14,10.63,58.75,44.60,0.00,0.00,,,Leon
28,Biorand_Tripwire,45410,111.81,-2.97,45.23,47.10,0.00,0.00,,,Leon
29,Biorand_MerchantTorch,40200,27.40,2.10,-28.70,0.00,0.00,0.00,03383ad9-2e0e-41f1-8b76-89c07b44fd47,1,Leon
30,Biorand_Merchant,40200,23.10,2.20,-31.10,104.00,0.00,0.00,03383ad9-2e0e-41f1-8b76-89c07b44fd47,1,Leon
31,Biorand_MerchantTorch,45200,111.50,10.34,111.30,0.00,0.00,0.00,,5,Leon
32,Biorand_Merchant,45200,114.20,10.27,111.84,-64.30,0.00,0.00,,5,Leon
33,Biorand_Tripwire,50200,-298.11,-0.15,65.26,0.00,0.00,0.00,,,Leon
34,Biorand_WoodenBox,50300,-249.30,-1.00,48.00,0.00,0.00,0.00,,,Leon
35,Biorand_AshleyLocker,50300,-214.79,4.07,57.62,0.00,0.00,0.00,,,Leon
36,Biorand_BearTrap,40501,-237.67,6.41,62.78,0.00,0.00,0.00,,,Leon
37,Biorand_BearTrap,40510,-191.57,10.01,66.97,0.00,0.00,0.00,,,Leon
38,Biorand_BearTrap,40504,-133.92,7.49,55.86,0.00,0.00,0.00,,,Leon
39,Biorand_BearTrap,40504,-124.60,7.27,49.08,0.00,0.00,0.00,,,Leon
40,Biorand_BearTrap,40504,-117.15,7.40,51.12,0.00,0.00,0.00,,,Leon
41,Biorand_BearTrap,40504,-119.46,6.59,32.36,0.00,0.00,0.00,,,Leon
42,Biorand_BearTrap,40504,-99.62,3.91,26.04,0.00,0.00,0.00,,,Leon
43,Biorand_BearTrap,40530,-106.75,7.20,52.78,0.00,0.00,0.00,,,Leon
44,Biorand_BearTrap,40505,-74.12,3.74,24.11,0.00,0.00,0.00,,,Leon
45,Biorand_BearTrap,40505,-66.71,2.84,21.53,0.00,0.00,0.00,,,Leon
46,Biorand_BearTrap,40200,-33.03,0.03,3.70,0.00,0.00,0.00,,,Leon
47,Biorand_BearTrap,40210,-6.42,0.08,-11.76,0.00,0.00,0.00,,,Leon
48,Biorand_BearTrap,40200,0.23,0.05,-12.94,0.00,0.00,0.00,,,Leon
49,Biorand_BearTrap,40200,-1.60,0.11,17.92,0.00,0.00,0.00,,,Leon
50,Biorand_BearTrap,40200,16.38,0.86,11.21,0.00,0.00,0.00,,,Leon
51,Biorand_BearTrap,40200,-5.24,-0.08,8.81,0.00,0.00,0.00,,,Leon
52,Biorand_BearTrap,40200,2.20,0.80,17.80,0.00,0.00,0.00,,,Leon
53,Biorand_BearTrap,40200,13.10,0.90,19.95,0.00,0.00,0.00,,,Leon
54,Biorand_BearTrap,40200,14.14,0.84,15.23,0.00,0.00,0.00,,,Leon
55,Biorand_BearTrap,40200,15.98,0.04,3.81,0.00,0.00,0.00,,,Leon
56,Biorand_BearTrap,40211,6.20,0.89,6.55,0.00,0.00,0.00,,,Leon
57,Biorand_BearTrap,40210,6.34,3.20,-18.76,0.00,0.00,0.00,,,Leon
58,Biorand_BearTrap,40210,9.50,3.30,-18.40,0.00,0.00,0.00,,,Leon
59,Biorand_BearTrap,40200,30.70,2.30,-25.80,0.00,0.00,0.00,,,Leon
60,Biorand_BearTrap,40200,30.01,2.29,-26.29,0.00,0.00,0.00,,,Leon
61,Biorand_BearTrap,40200,16.60,0.18,-13.18,0.00,0.00,0.00,,,Leon
62,Biorand_BearTrap,43300,50.40,2.33,-49.46,0.00,0.00,0.00,,,Leon
63,Biorand_BearTrap,43300,39.76,2.80,-58.23,0.00,0.00,0.00,,,Leon
64,Biorand_BearTrap,43300,44.03,2.88,-61.24,0.00,0.00,0.00,,,Leon
65,Biorand_BearTrap,43300,35.60,2.70,-66.40,0.00,0.00,0.00,,,Leon
66,Biorand_BearTrap,43300,36.17,2.77,-65.16,0.00,0.00,0.00,,,Leon
67,Biorand_BearTrap,43300,28.34,3.08,-67.95,0.00,0.00,0.00,,,Leon
68,Biorand_BearTrap,43300,44.46,2.68,-67.90,0.00,0.00,0.00,,,Leon
69,Biorand_BearTrap,43300,41.18,2.98,-79.58,0.00,0.00,0.00,,,Leon
70,Biorand_BearTrap,43300,67.77,3.24,-80.67,0.00,0.00,0.00,,,Leon
71,Biorand_BearTrap,43300,67.01,3.24,-80.97,0.00,0.00,0.00,,,Leon
72,Biorand_BearTrap,43310,58.82,3.24,-89.21,0.00,0.00,0.00,,,Leon
73,Biorand_BearTrap,43310,65.72,3.22,-91.77,0.00,0.00,0.00,,,Leon
74,Biorand_BearTrap,43310,60.46,6.69,-86.29,0.00,0.00,0.00,,,Leon
75,Biorand_BearTrap,43310,67.29,3.41,-69.99,0.00,0.00,0.00,,,Leon
76,Biorand_BearTrap,43310,63.68,3.41,-73.78,0.00,0.00,0.00,,,Leon
77,Biorand_BearTrap,43310,61.25,3.35,-73.05,0.00,0.00,0.00,,,Leon
78,Biorand_BearTrap,43310,62.46,6.82,-72.13,0.00,0.00,0.00,,,Leon
79,Biorand_BearTrap,43310,69.96,6.82,-75.52,0.00,0.00,0.00,,,Leon
80,Biorand_BearTrap,43301,52.24,3.23,-108.59,0.00,0.00,0.00,,,Leon
81,Biorand_BearTrap,43301,52.56,3.77,-129.70,0.00,0.00,0.00,,,Leon
82,Biorand_BearTrap,43301,41.13,4.06,-148.72,0.00,0.00,0.00,,,Leon
83,Biorand_BearTrap,43311,54.05,5.54,-165.97,0.00,0.00,0.00,,,Leon
84,Biorand_BearTrap,43311,53.84,5.49,-161.79,0.00,0.00,0.00,,,Leon
85,Biorand_BearTrap,43311,61.13,8.50,-164.73,0.00,0.00,0.00,,,Leon
86,Biorand_BearTrap,43311,60.47,9.48,-161.74,0.00,0.00,0.00,,,Leon
87,Biorand_BearTrap,43311,50.09,9.50,-157.68,0.00,0.00,0.00,,,Leon
88,Biorand_BearTrap,43311,52.23,9.50,-161.54,0.00,0.00,0.00,,,Leon
89,Biorand_BearTrap,43301,66.95,4.23,-134.56,0.00,0.00,0.00,,,Leon
90,Biorand_BearTrap,43301,83.74,3.11,-118.66,0.00,0.00,0.00,,,Leon
91,Biorand_BearTrap,43302,105.58,-0.41,-112.79,0.00,0.00,0.00,,,Leon
92,Biorand_BearTrap,43302,117.53,-5.73,-137.89,0.00,0.00,0.00,,,Leon
93,Biorand_BearTrap,43303,142.40,-5.70,-124.81,0.00,0.00,0.00,,,Leon
94,Biorand_BearTrap,43303,151.24,-5.73,-114.80,0.00,0.00,0.00,,,Leon
95,Biorand_BearTrap,43303,153.12,-5.73,-114.77,0.00,0.00,0.00,,,Leon
96,Biorand_BearTrap,43400,177.25,-5.70,-106.50,0.00,0.00,0.00,,,Leon
97,Biorand_BearTrap,43400,181.63,-5.80,-104.93,0.00,0.00,0.00,,,Leon
98,Biorand_BearTrap,43400,190.50,-5.77,-112.49,0.00,0.00,0.00,,,Leon
99,Biorand_BearTrap,43400,191.98,-5.82,-112.33,0.00,0.00,0.00,,,Leon
100,Biorand_BearTrap,43400,185.90,-5.58,-115.50,0.00,0.00,0.00,,,Leon
101,Biorand_BearTrap,43400,202.79,-5.56,-118.03,0.00,0.00,0.00,,,Leon
102,Biorand_BearTrap,43400,202.02,-5.62,-106.79,0.00,0.00,0.00,,,Leon
103,Biorand_BearTrap,43400,214.15,-4.49,-122.05,0.00,0.00,0.00,,,Leon
104,Biorand_BearTrap,43400,213.93,-4.49,-120.70,0.00,0.00,0.00,,,Leon
105,Biorand_BearTrap,43400,221.28,-3.86,-131.75,0.00,0.00,0.00,,,Leon
106,Biorand_BearTrap,43400,222.72,-4.43,-123.45,0.00,0.00,0.00,,,Leon
107,Biorand_BearTrap,43410,225.80,-3.54,-128.16,0.00,0.00,0.00,,,Leon
108,Biorand_BearTrap,43410,232.15,-3.52,-132.31,0.00,0.00,0.00,,,Leon
109,Biorand_BearTrap,43410,236.51,-3.54,-138.90,0.00,0.00,0.00,,,Leon
110,Biorand_BearTrap,43410,243.10,-7.17,142.60,0.00,0.00,0.00,,,Leon
111,Biorand_BearTrap,44400,69.97,-5.57,207.80,0.00,0.00,0.00,,,Leon
112,Biorand_BearTrap,44400,68.75,-5.48,204.78,0.00,0.00,0.00,,,Leon
113,Biorand_BearTrap,44400,59.89,-7.80,229.19,0.00,0.00,0.00,,,Leon
114,Biorand_BearTrap,44400,70.01,-7.73,231.31,0.00,0.00,0.00,,,Leon
115,Biorand_BearTrap,44400,76.54,-7.75,223.54,0.00,0.00,0.00,,,Leon
116,Biorand_BearTrap,44400,76.23,-3.25,229.55,0.00,0.00,0.00,,,Leon
117,Biorand_BearTrap,44400,70.15,-3.33,227.10,0.00,0.00,0.00,,,Leon
118,Biorand_BearTrap,44400,90.35,-4.18,224.36,0.00,0.00,0.00,,,Leon
119,Biorand_BearTrap,44102,-20.00,5.30,77.00,174.00,0.00,0.00,,,Leon
120,Biorand_BearTrap,44100,-22.00,4.00,55.00,-177.00,0.00,0.00,,,Leon
121,Biorand_BearTrap,44100,-12.00,3.10,42.00,154.00,0.00,0.00,,,Leon
122,Biorand_BearTrap,40200,-1.00,0.10,7.00,28.00,0.00,0.00,,,Leon
123,Biorand_BearTrap,40200,6.00,1.00,19.00,95.00,0.00,0.00,,,Leon
124,Biorand_BearTrap,40200,6.00,1.00,5.00,35.00,0.00,0.00,,,Leon
125,Biorand_BearTrap,40211,10.00,1.00,12.00,93.00,0.00,0.00,,,Leon
126,Biorand_BearTrap,40200,22.00,1.10,1.00,83.00,0.00,0.00,,,Leon
127,Biorand_BearTrap,40200,30.00,1.20,-3.00,-94.00,0.00,0.00,,,Leon
128,Biorand_BearTrap,40200,23.00,-5.30,4.00,121.00,0.00,0.00,,,Leon
129,Biorand_BearTrap,40212,29.00,1.05,3.00,69.00,0.00,0.00,,,Leon
130,Biorand_BearTrap,40213,32.00,1.00,13.00,-16.00,0.00,0.00,,,Leon
131,Biorand_BearTrap,40213,39.00,1.00,15.00,-6.00,0.00,0.00,,,Leon
132,Biorand_BearTrap,40213,32.00,1.00,20.00,53.00,0.00,0.00,,,Leon
133,Biorand_BearTrap,45200,77.00,4.00,53.00,-28.00,0.00,0.00,,,Leon
134,Biorand_BearTrap,45200,78.00,4.40,58.00,69.00,0.00,0.00,,,Leon
135,Biorand_BearTrap,45200,88.00,5.80,64.00,-3.00,0.00,0.00,,,Leon
136,Biorand_BearTrap,45200,79.00,6.70,72.00,57.00,0.00,0.00,,,Leon
137,Biorand_BearTrap,45200,69.00,4.00,65.00,176.00,0.00,0.00,,,Leon
138,Biorand_BearTrap,45200,88.00,9.00,77.00,28.00,0.00,0.00,,,Leon
139,Biorand_BearTrap,45200,99.00,10.00,116.00,55.00,0.00,0.00,,,Leon
140,Biorand_BearTrap,45300,96.00,8.00,134.00,32.00,0.00,0.00,,,Leon
141,Biorand_BearTrap,45300,110.00,9.00,131.00,150.00,0.00,0.00,,,Leon
142,Biorand_BearTrap,45300,114.00,9.00,135.00,77.00,0.00,0.00,,,Leon
143,Biorand_BearTrap,45300,119.00,12.00,134.00,80.00,0.00,0.00,,,Leon
144,Biorand_BearTrap,45300,125.00,13.00,138.00,-18.00,0.00,0.00,,,Leon
145,Biorand_BearTrap,45300,133.00,12.00,134.00,55.00,0.00,0.00,,,Leon
146,Biorand_BearTrap,45301,138.00,9.00,140.00,52.00,0.00,0.00,,,Leon
147,Biorand_BearTrap,45301,164.00,8.00,156.00,26.00,0.00,0.00,,,Leon
148,Biorand_BearTrap,45302,176.00,8.00,158.00,121.00,0.00,0.00,,,Leon
149,Biorand_BearTrap,45302,187.00,8.00,146.00,173.00,0.00,0.00,,,Leon
150,Biorand_BearTrap,45302,182.00,8.00,137.00,-136.00,0.00,0.00,,,Leon
151,Biorand_BearTrap,45302,190.00,8.00,135.00,-100.00,0.00,0.00,,,Leon
152,Biorand_BearTrap,45302,178.00,8.00,133.00,-46.00,0.00,0.00,,,Leon
153,Biorand_BearTrap,45302,175.00,8.00,140.00,123.00,0.00,0.00,,,Leon
154,Biorand_BearTrap,45302,186.00,8.00,125.00,163.00,0.00,0.00,,,Leon
155,Biorand_BearTrap,45303,182.00,4.00,109.00,-170.00,0.00,0.00,,,Leon
156,Biorand_BearTrap,45303,181.00,4.00,101.00,112.00,0.00,0.00,,,Leon
157,Biorand_BearTrap,45303,190.00,4.00,101.00,90.00,0.00,0.00,,,Leon
158,Biorand_BearTrap,46210,197.00,4.00,99.00,25.00,0.00,0.00,,,Leon
159,Biorand_BearTrap,46210,199.00,2.00,107.00,79.00,0.00,0.00,,,Leon
160,Biorand_BearTrap,45500,221.00,4.00,90.00,135.00,0.00,0.00,,,Leon
161,Biorand_BearTrap,45500,223.00,4.00,79.00,-170.00,0.00,0.00,,,Leon
162,Biorand_BearTrap,45500,209.00,1.00,78.00,-123.00,0.00,0.00,,,Leon
163,Biorand_BearTrap,45500,190.00,1.00,74.00,-81.00,0.00,0.00,,,Leon
164,Biorand_BearTrap,45500,206.00,0.00,69.00,104.00,0.00,0.00,,,Leon
165,Biorand_BearTrap,45400,174.00,0.00,78.00,-127.00,0.00,0.00,,,Leon
166,Biorand_BearTrap,45400,174.00,-6.00,65.00,-166.00,0.00,0.00,,,Leon
167,Biorand_BearTrap,45400,170.00,-6.00,58.00,-108.00,0.00,0.00,,,Leon
168,Biorand_BearTrap,45400,163.00,-4.00,60.00,-71.00,0.00,0.00,,,Leon
169,Biorand_BearTrap,45400,166.00,-4.00,71.00,-3.00,0.00,0.00,,,Leon
170,Biorand_BearTrap,45400,158.00,-4.00,65.00,-70.00,0.00,0.00,,,Leon
171,Biorand_BearTrap,45400,152.00,-5.00,63.00,-145.00,0.00,0.00,,,Leon
172,Biorand_BearTrap,45400,149.00,-6.00,52.00,-118.00,0.00,0.00,,,Leon
173,Biorand_BearTrap,45400,139.00,-3.00,63.00,146.00,0.00,0.00,,,Leon
174,Biorand_BearTrap,45400,141.00,-3.00,64.00,144.00,0.00,0.00,,,Leon
175,Biorand_BearTrap,45400,145.00,-4.00,45.00,-136.00,0.00,0.00,,,Leon
176,Biorand_BearTrap,45400,141.00,-4.00,43.00,-75.00,0.00,0.00,,,Leon
177,Biorand_BearTrap,45400,149.00,-4.00,42.00,166.00,0.00,0.00,,,Leon
178,Biorand_BearTrap,45400,145.00,-6.00,38.00,163.00,0.00,0.00,,,Leon
179,Biorand_BearTrap,45400,157.00,-4.00,50.00,44.00,0.00,0.00,,,Leon
180,Biorand_BearTrap,45400,159.00,-4.00,53.00,-38.00,0.00,0.00,,,Leon
181,Biorand_BearTrap,45400,161.00,-6.00,54.00,132.00,0.00,0.00,,,Leon
182,Biorand_BearTrap,45400,155.00,-6.00,38.00,-137.00,0.00,0.00,,,Leon
183,Biorand_BearTrap,45400,138.00,-4.00,44.00,-81.00,0.00,0.00,,,Leon
184,Biorand_BearTrap,45400,134.00,-4.00,44.00,89.00,0.00,0.00,,,Leon
185,Biorand_BearTrap,45400,132.00,-6.00,46.00,151.00,0.00,0.00,,,Leon
186,Biorand_BearTrap,45400,135.00,-6.00,37.00,160.00,0.00,0.00,,,Leon
187,Biorand_BearTrap,45400,127.00,-5.00,53.00,-9.00,0.00,0.00,,,Leon
188,Biorand_BearTrap,45400,124.00,-4.00,56.00,-10.00,0.00,0.00,,,Leon
189,Biorand_BearTrap,45400,125.00,-3.00,59.00,-10.00,0.00,0.00,,,Leon
190,Biorand_BearTrap,45400,116.00,-4.00,56.00,-52.00,0.00,0.00,,,Leon
191,Biorand_BearTrap,45400,119.00,-4.00,48.00,-130.00,0.00,0.00,,,Leon
192,Biorand_BearTrap,45400,127.00,-5.00,50.00,-91.00,0.00,0.00,,,Leon
193,Biorand_BearTrap,45410,116.00,-4.00,46.00,-117.00,0.00,0.00,,,Leon
194,Biorand_BearTrap,45400,126.00,2.00,61.00,62.00,0.00,0.00,,,Leon
195,Biorand_BearTrap,45400,135.00,2.00,66.00,50.00,0.00,0.00,,,Leon
196,Biorand_BearTrap,45400,139.00,2.00,71.00,57.00,0.00,0.00,,,Leon
197,Biorand_BearTrap,45400,147.00,2.00,73.00,84.00,0.00,0.00,,,Leon
198,Biorand_BearTrap,45400,147.00,-6.00,68.00,81.00,0.00,0.00,,,Leon
199,Biorand_BearTrap,45400,165.00,-6.00,67.00,116.00,0.00,0.00,,,Leon
200,Biorand_BearTrap,45400,166.00,-3.00,80.00,-4.00,0.00,0.00,,,Leon
201,Biorand_BearTrap,45400,167.00,2.00,84.00,86.00,0.00,0.00,,,Leon
202,Biorand_BearTrap,45500,213.00,-5.00,66.00,122.00,0.00,0.00,,,Leon
203,Biorand_BearTrap,45500,215.00,-4.00,76.00,99.00,0.00,0.00,,,Leon
204,Biorand_MerchantTorch,47201,198.95,2.87,-195.28,0.00,0.00,0.00,,,Leon
205,Biorand_Merchant,47201,198.50,2.58,-191.05,173.00,0.00,0.00,,,Leon
,,,,,,,,,,,
,,,,,,,,,,,
,,,,,,,,,,,
209,bawk,50502,-138.15,8.04,19.16,41.00,0.00,0.00,,1,Ada
210,bawk,50502,-137.00,8.04,20.07,-17.00,0.00,0.00,,1,Ada
211,bawk,50502,-137.48,8.04,22.52,26.00,0.00,0.00,,1,Ada
212,bawk,50502,-134.42,8.04,21.04,-15.00,0.00,0.00,,1,Ada
213,bawk,50502,-134.52,8.04,25.78,162.00,0.00,0.00,,1,Ada
214,bawk,50502,-131.53,8.54,22.48,-1.00,0.00,0.00,,1,Ada
215,bawk,50501,-125.80,8.54,19.84,66.00,0.00,0.00,,1,Ada
216,bawk,50501,-125.98,8.54,22.63,-5.00,0.00,0.00,,1,Ada
217,bawk,50501,-123.30,8.54,26.51,74.00,0.00,0.00,,1,Ada
218,bawk,50501,-119.55,8.54,24.34,143.00,0.00,0.00,,1,Ada
219,bawk,50501,-119.98,8.54,22.23,-78.00,0.00,0.00,,1,Ada
220,bawk,50501,-123.38,8.74,22.58,-102.00,0.00,0.00,,1,Ada
221,bawk,50501,-127.79,8.54,23.16,98.00,0.00,0.00,,1,Ada
222,Biorand_WoodenBox,50302,-204.25,9.50,55.58,123.00,0.00,0.00,,1,Ada
223,Biorand_WoodenBox,50302,-203.94,9.50,48.39,72.00,0.00,0.00,,1,Ada
224,Biorand_BearTrap,50500,-127.81,12.00,37.10,-66.00,0.00,0.00,,1,Ada
225,Biorand_BearTrap,50401,-130.00,12.40,53.19,94.00,0.00,0.00,,1,Ada
226,Biorand_BearTrap,50401,-129.35,12.68,50.80,86.00,0.00,0.00,,1,Ada
227,Biorand_BearTrap,50401,-128.56,13.08,53.04,97.00,0.00,0.00,,1,Ada
228,Biorand_BearTrap,50401,-127.62,13.54,51.05,83.00,0.00,0.00,,1,Ada
229,Biorand_BearTrap,50401,-133.06,11.95,58.64,-39.00,0.00,0.00,,1,Ada
230,Biorand_BearTrap,50401,-144.46,11.95,57.08,-126.00,0.00,0.00,,1,Ada
231,Biorand_BearTrap,50401,-154.63,11.95,53.03,-114.00,0.00,0.00,,1,Ada
232,Biorand_BearTrap,50401,-155.10,11.95,46.85,109.00,0.00,0.00,,1,Ada
233,Biorand_BearTrap,50401,-143.98,11.95,47.74,45.00,0.00,0.00,,1,Ada
234,Biorand_BearTrap,50401,-136.92,11.95,45.98,73.00,0.00,0.00,,1,Ada
235,Biorand_BearTrap,50401,-137.67,11.95,51.47,-88.00,0.00,0.00,,1,Ada
236,Biorand_BearTrap,50400,-161.15,11.95,54.42,-110.00,0.00,0.00,,1,Ada
237,Biorand_BearTrap,50400,-161.41,11.95,49.77,-167.00,0.00,0.00,,1,Ada
238,Biorand_BearTrap,50400,-169.01,9.95,56.75,-22.00,0.00,0.00,,1,Ada
239,Biorand_BearTrap,50400,-171.51,9.95,48.90,-132.00,0.00,0.00,,1,Ada
240,Biorand_BearTrap,50400,-166.32,9.95,51.98,94.00,0.00,0.00,,1,Ada
241,Biorand_BearTrap,50301,-213.36,8.00,47.33,-132.00,0.00,0.00,,1,Ada
242,Biorand_BearTrap,50301,-214.66,8.00,48.41,-135.00,0.00,0.00,,1,Ada
243,Biorand_BearTrap,50301,-219.97,8.00,44.34,-152.00,0.00,0.00,,1,Ada
244,Biorand_BearTrap,50300,-221.96,4.00,37.41,-5.00,0.00,0.00,,1,Ada
245,Biorand_BearTrap,50300,-221.70,4.00,44.87,2.00,0.00,0.00,,1,Ada
246,Biorand_BearTrap,50300,-225.78,4.14,50.93,-20.00,0.00,0.00,,1,Ada
247,Biorand_BearTrap,50300,-224.85,4.03,57.40,16.00,0.00,0.00,,1,Ada
248,Biorand_BearTrap,50300,-226.47,8.00,43.33,-48.00,0.00,0.00,,1,Ada
249,Biorand_BearTrap,50300,-234.87,8.49,34.75,-4.00,0.00,0.00,,1,Ada
250,Biorand_BearTrap,50300,-233.05,8.15,42.44,6.00,0.00,0.00,,1,Ada
251,Biorand_BearTrap,50300,-226.66,9.50,63.89,-43.00,0.00,0.00,,1,Ada
252,Biorand_BearTrap,50300,-233.16,9.53,62.30,175.00,0.00,0.00,,1,Ada
253,Biorand_BearTrap,50300,-229.79,9.50,57.04,-179.00,0.00,0.00,,1,Ada
254,Biorand_BearTrap,50300,-241.28,8.04,44.21,-93.00,0.00,0.00,,1,Ada
255,Biorand_BearTrap,50300,-241.98,-0.99,50.86,-91.00,0.00,0.00,,1,Ada
256,Biorand_BearTrap,50300,-237.94,-1.01,58.19,31.00,0.00,0.00,,1,Ada
257,Biorand_BearTrap,50300,-249.39,-1.03,52.75,-86.00,0.00,0.00,,1,Ada
258,Biorand_BearTrap,50200,-297.03,7.37,49.60,-5.00,0.00,0.00,,1,Ada
259,Biorand_BearTrap,50202,-295.24,9.50,57.36,47.00,0.00,0.00,,1,Ada
260,Biorand_BearTrap,50202,-292.86,9.50,58.75,21.00,0.00,0.00,,1,Ada
261,Biorand_BearTrap,50202,-297.77,9.50,60.05,-95.00,0.00,0.00,,1,Ada
262,Biorand_BearTrap,47101,72.59,16.62,-221.62,8.00,0.00,0.00,,2,Ada
263,Biorand_BearTrap,47101,84.19,16.56,-201.68,6.00,0.00,0.00,,2,Ada
264,Biorand_BearTrap,47101,73.96,18.34,-193.78,-9.00,0.00,0.00,,2,Ada
265,Biorand_BearTrap,47101,72.39,18.21,-192.13,-51.00,0.00,0.00,,2,Ada
266,Biorand_BearTrap,47101,77.42,10.63,-193.39,102.00,0.00,0.00,,2,Ada
267,Biorand_BearTrap,47101,83.51,11.18,-200.63,-177.00,0.00,0.00,,2,Ada
268,Biorand_BearTrap,47101,77.86,8.01,-203.82,-12.00,0.00,0.00,,2,Ada
269,Biorand_BearTrap,47101,79.39,7.99,-199.51,6.00,0.00,0.00,,2,Ada
270,Biorand_BearTrap,47101,82.68,8.00,-195.13,-2.00,0.00,0.00,,2,Ada
271,Biorand_BearTrap,47101,79.80,7.98,-188.66,21.00,0.00,0.00,,2,Ada
272,Biorand_BearTrap,47101,79.66,8.00,-207.57,-16.00,0.00,0.00,,2,Ada
273,Biorand_BearTrap,47101,84.28,11.07,-192.63,-4.00,0.00,0.00,,2,Ada
274,Biorand_BearTrap,47101,83.47,7.98,-174.98,18.00,0.00,0.00,,2,Ada
275,Biorand_BearTrap,47100,86.06,8.07,-166.51,58.00,0.00,0.00,,2,Ada
276,Biorand_BearTrap,43301,65.63,9.50,-154.51,-136.00,0.00,0.00,,2,Ada
277,Biorand_BearTrap,43311,60.95,9.50,-161.78,-179.00,0.00,0.00,,2,Ada
278,Biorand_BearTrap,43311,52.40,9.50,-161.44,-132.00,0.00,0.00,,2,Ada
279,Biorand_BearTrap,43311,49.95,9.50,-157.76,-2.00,0.00,0.00,,2,Ada
280,Biorand_BearTrap,43301,46.34,5.45,-163.20,-3.00,0.00,0.00,,2,Ada
281,Biorand_BearTrap,43301,45.80,5.44,-154.76,19.00,0.00,0.00,,2,Ada
282,Biorand_BearTrap,43301,59.28,5.40,-151.31,110.00,0.00,0.00,,2,Ada
283,Biorand_BearTrap,43301,57.66,5.36,-153.48,-134.00,0.00,0.00,,2,Ada
284,Biorand_BearTrap,43311,60.00,5.50,-161.50,-18.00,0.00,0.00,,2,Ada
285,Biorand_BearTrap,43311,55.21,5.50,-163.97,-89.00,0.00,0.00,,2,Ada
286,Biorand_BearTrap,43301,56.44,4.34,-140.53,27.00,0.00,0.00,,2,Ada
287,Biorand_BearTrap,43301,53.41,3.78,-128.74,2.00,0.00,0.00,,2,Ada
288,Biorand_BearTrap,43301,51.77,2.90,-121.77,-1.00,0.00,0.00,,2,Ada
289,Biorand_BearTrap,43301,53.46,2.69,-116.14,2.00,0.00,0.00,,2,Ada
290,Biorand_BearTrap,43301,51.77,3.13,-109.59,-2.00,0.00,0.00,,2,Ada
291,Biorand_BearTrap,43301,50.19,4.21,-132.52,176.00,0.00,0.00,,2,Ada
292,Biorand_BearTrap,43301,60.35,4.07,-135.09,-71.00,0.00,0.00,,2,Ada
293,Biorand_BearTrap,43850,104.46,-11.10,-23.81,-81.00,0.00,0.00,,2,Ada
294,Biorand_BearTrap,43850,94.04,-2.22,-10.73,-20.00,0.00,0.00,,2,Ada
295,Biorand_BearTrap,43850,92.56,-2.19,-8.56,-19.00,0.00,0.00,,2,Ada
296,Biorand_BearTrap,43850,92.99,-2.11,-5.86,-11.00,0.00,0.00,,2,Ada
297,Biorand_BearTrap,43850,93.38,0.64,7.89,10.00,0.00,0.00,,2,Ada
298,Biorand_BearTrap,43850,91.86,8.39,3.65,180.00,0.00,0.00,,2,Ada
299,Biorand_BearTrap,45200,77.09,3.87,52.03,-22.00,0.00,0.00,,2,Ada
300,Biorand_BearTrap,45200,76.56,4.23,56.76,21.00,0.00,0.00,,2,Ada
301,Biorand_BearTrap,45200,73.79,4.48,60.79,-6.00,0.00,0.00,,2,Ada
302,Biorand_BearTrap,45200,87.63,5.75,64.28,26.00,0.00,0.00,,2,Ada
303,Biorand_BearTrap,45200,86.89,7.68,71.56,-4.00,0.00,0.00,,2,Ada
304,Biorand_BearTrap,45200,95.97,9.48,74.58,-16.00,0.00,0.00,,2,Ada
305,Biorand_BearTrap,45200,77.19,6.27,70.77,36.00,0.00,0.00,,2,Ada
306,Biorand_BearTrap,45200,70.19,4.44,62.24,149.00,0.00,0.00,,2,Ada
307,Biorand_BearTrap,45200,74.27,6.16,72.82,61.00,0.00,0.00,,2,Ada
308,Biorand_BearTrap,45200,80.78,8.62,79.30,50.00,0.00,0.00,,2,Ada
309,Biorand_BearTrap,45200,84.67,8.90,79.22,87.00,0.00,0.00,,2,Ada
310,Biorand_BearTrap,45200,89.19,9.91,79.50,85.00,0.00,0.00,,2,Ada
311,Biorand_BearTrap,45200,87.29,10.11,102.04,14.00,0.00,0.00,,2,Ada
312,Biorand_BearTrap,45200,88.24,10.08,103.42,27.00,0.00,0.00,,2,Ada
313,Biorand_BearTrap,45200,87.74,10.19,105.01,13.00,0.00,0.00,,2,Ada
314,Biorand_BearTrap,45200,87.64,10.36,94.37,169.00,0.00,0.00,,2,Ada
315,Biorand_BearTrap,45200,90.05,10.01,85.47,170.00,0.00,0.00,,2,Ada
316,Biorand_BearTrap,45401,92.32,9.81,104.29,138.00,0.00,0.00,,2,Ada
317,Biorand_BearTrap,45200,89.49,10.11,89.77,151.00,0.00,0.00,,2,Ada
318,Biorand_BearTrap,45200,77.18,5.64,68.43,-171.00,0.00,0.00,,2,Ada
319,Biorand_BearTrap,45100,64.03,0.33,39.54,-113.00,0.00,0.00,,2,Ada
320,Biorand_BearTrap,45100,59.04,-0.24,36.52,-126.00,0.00,0.00,,2,Ada
321,Biorand_BearTrap,45100,53.31,0.05,33.17,-127.00,0.00,0.00,,2,Ada
322,Biorand_BearTrap,45100,49.47,0.72,28.29,-139.00,0.00,0.00,,2,Ada
323,Biorand_BearTrap,40200,40.14,0.94,22.92,-117.00,0.00,0.00,,2,Ada
324,Biorand_BearTrap,40200,3.49,0.03,-5.78,119.00,0.00,0.00,,2,Ada
325,Biorand_BearTrap,40200,0.65,0.08,-7.98,71.00,0.00,0.00,,2,Ada
326,Biorand_BearTrap,40200,7.94,0.02,-6.59,79.00,0.00,0.00,,2,Ada
327,Biorand_BearTrap,40200,12.86,0.04,-7.50,110.00,0.00,0.00,,2,Ada
328,Biorand_BearTrap,40200,17.80,-0.05,-4.36,11.00,0.00,0.00,,2,Ada
329,Biorand_BearTrap,40200,13.19,0.14,2.54,-117.00,0.00,0.00,,2,Ada
330,Biorand_BearTrap,40200,4.00,-0.01,0.85,-70.00,0.00,0.00,,2,Ada
331,Biorand_BearTrap,40200,-0.89,-0.04,4.62,-91.00,0.00,0.00,,2,Ada
332,Biorand_BearTrap,40200,-5.26,-0.03,5.29,-35.00,0.00,0.00,,2,Ada
333,Biorand_BearTrap,40200,-7.08,0.00,-3.97,-83.00,0.00,0.00,,2,Ada
334,Biorand_BearTrap,40200,-13.52,0.03,1.79,-86.00,0.00,0.00,,2,Ada
335,Biorand_BearTrap,40200,-11.84,0.03,7.15,106.00,0.00,0.00,,2,Ada
336,Biorand_BearTrap,40200,-2.40,-0.12,0.49,130.00,0.00,0.00,,2,Ada
337,Biorand_BearTrap,40200,9.26,0.07,0.42,122.00,0.00,0.00,,2,Ada
338,Biorand_BearTrap,44110,4.67,8.88,99.18,-62.00,0.00,0.00,98bcc1d8-df9a-4495-a231-23b86c4814e6,3,Ada
339,Biorand_BearTrap,44110,7.89,8.88,96.66,84.00,0.00,0.00,98bcc1d8-df9a-4495-a231-23b86c4814e6,3,Ada
340,Biorand_BearTrap,44110,1.08,8.88,100.89,-75.00,0.00,0.00,98bcc1d8-df9a-4495-a231-23b86c4814e6,3,Ada
341,Biorand_BearTrap,44110,7.79,8.88,104.96,-86.00,0.00,0.00,98bcc1d8-df9a-4495-a231-23b86c4814e6,3,Ada
342,Biorand_BearTrap,44101,17.30,8.80,97.05,135.00,0.00,0.00,,3,Ada
343,Biorand_BearTrap,44101,11.53,8.82,93.50,-110.00,0.00,0.00,,3,Ada
344,Biorand_BearTrap,44101,7.45,8.95,89.26,-136.00,0.00,0.00,,3,Ada
345,Biorand_BearTrap,44101,-1.23,8.64,91.50,-74.00,0.00,0.00,,3,Ada
346,Biorand_BearTrap,44101,-7.65,8.47,102.37,-19.00,0.00,0.00,,3,Ada
347,Biorand_BearTrap,44101,-18.24,8.11,114.28,-38.00,0.00,0.00,,3,Ada
348,Biorand_BearTrap,44101,-19.20,8.10,113.56,-42.00,0.00,0.00,,3,Ada
349,Biorand_BearTrap,44101,-23.03,6.69,117.26,-20.00,0.00,0.00,,3,Ada
350,Biorand_BearTrap,44101,-21.95,6.68,117.52,-21.00,0.00,0.00,,3,Ada
351,Biorand_BearTrap,44101,-21.00,6.78,119.94,16.00,0.00,0.00,,3,Ada
352,Biorand_BearTrap,44101,-20.21,5.73,126.40,15.00,0.00,0.00,,3,Ada
353,Biorand_BearTrap,44101,-15.42,5.72,127.68,62.00,0.00,0.00,,3,Ada
354,Biorand_BearTrap,44101,-13.73,5.59,132.62,22.00,0.00,0.00,,3,Ada
355,Biorand_BearTrap,44101,-15.47,4.57,149.98,-16.00,0.00,0.00,,3,Ada
356,Biorand_BearTrap,44101,-18.70,4.43,157.85,13.00,0.00,0.00,,3,Ada
357,Biorand_BearTrap,44101,-18.50,4.41,155.85,4.00,0.00,0.00,,3,Ada
358,Biorand_BearTrap,44201,-16.50,2.92,161.77,54.00,0.00,0.00,,3,Ada
359,Biorand_BearTrap,44201,-9.63,-0.55,158.73,108.00,0.00,0.00,,3,Ada
360,Biorand_BearTrap,44201,-9.10,-0.51,157.65,92.00,0.00,0.00,,3,Ada
361,Biorand_BearTrap,44201,-4.00,-0.69,157.93,72.00,0.00,0.00,,3,Ada
362,Biorand_BearTrap,44201,2.34,-0.65,156.19,124.00,0.00,0.00,,3,Ada
363,Biorand_BearTrap,44201,7.01,-0.73,157.58,104.00,0.00,0.00,,3,Ada
364,Biorand_BearTrap,44201,14.61,-0.96,161.14,36.00,0.00,0.00,,3,Ada
365,Biorand_BearTrap,44201,15.30,-1.17,160.74,34.00,0.00,0.00,,3,Ada
366,Biorand_BearTrap,44201,16.04,-1.22,160.26,36.00,0.00,0.00,,3,Ada
367,Biorand_BearTrap,44200,19.10,-1.30,175.26,10.00,0.00,0.00,,3,Ada
368,Biorand_BearTrap,44200,15.04,-1.38,173.90,-53.00,0.00,0.00,,3,Ada
369,Biorand_BearTrap,44200,9.43,-0.82,175.45,-54.00,0.00,0.00,,3,Ada
370,Biorand_BearTrap,44210,0.06,-0.81,185.00,-23.00,0.00,0.00,,3,Ada
371,Biorand_BearTrap,44210,0.04,-0.81,188.23,-56.00,0.00,0.00,,3,Ada
372,Biorand_BearTrap,44210,-11.37,-0.73,181.05,33.00,0.00,0.00,,3,Ada
373,Biorand_BearTrap,44210,-6.33,-0.82,187.24,-57.00,0.00,0.00,,3,Ada
374,Biorand_BearTrap,44210,-1.35,-0.80,189.10,-55.00,0.00,0.00,,3,Ada
375,Biorand_BearTrap,44210,5.29,-0.81,192.14,72.00,0.00,0.00,,3,Ada
376,Biorand_BearTrap,44410,20.64,-6.20,209.11,2.00,0.00,0.00,,3,Ada
377,Biorand_BearTrap,44410,10.71,-6.07,223.59,-101.00,0.00,0.00,,3,Ada
378,Biorand_BearTrap,44410,5.56,-6.07,226.02,-53.00,0.00,0.00,,3,Ada
379,Biorand_BearTrap,44410,14.81,-3.97,201.29,-142.00,0.00,0.00,fc14301f-cb4c-48c7-a385-86bd500e9c36,3,Ada
380,Biorand_BearTrap,44210,-6.67,-0.79,197.60,-153.00,0.00,0.00,fc14301f-cb4c-48c7-a385-86bd500e9c36,3,Ada
381,Biorand_BearTrap,44210,-9.35,-0.79,186.68,135.00,0.00,0.00,fc14301f-cb4c-48c7-a385-86bd500e9c36,3,Ada
382,Biorand_BearTrap,44210,-15.85,-0.81,184.87,-115.00,0.00,0.00,fc14301f-cb4c-48c7-a385-86bd500e9c36,3,Ada
383,Biorand_BearTrap,44210,0.37,-0.81,182.07,166.00,0.00,0.00,fc14301f-cb4c-48c7-a385-86bd500e9c36,3,Ada
384,Biorand_BearTrap,44210,3.66,-0.81,181.76,111.00,0.00,0.00,fc14301f-cb4c-48c7-a385-86bd500e9c36,3,Ada
385,Biorand_BearTrap,44102,-19.86,5.47,77.72,177.00,0.00,0.00,,3,Ada
386,Biorand_BearTrap,44102,-21.62,4.91,68.40,149.00,0.00,0.00,,3,Ada
387,Biorand_BearTrap,44100,-20.36,4.40,57.82,-166.00,0.00,0.00,,3,Ada
388,Biorand_BearTrap,44100,-23.65,3.88,53.40,-178.00,0.00,0.00,,3,Ada
389,Biorand_BearTrap,44100,-13.28,3.29,43.80,135.00,0.00,0.00,,3,Ada
390,Biorand_BearTrap,44100,-11.22,2.84,35.64,-179.00,0.00,0.00,,3,Ada
391,Biorand_BearTrap,40200,-10.89,0.88,14.83,-171.00,0.00,0.00,,3,Ada
392,Biorand_BearTrap,40200,-8.53,0.04,6.93,166.00,0.00,0.00,,3,Ada
393,Biorand_BearTrap,40200,-13.20,0.16,7.68,-102.00,0.00,0.00,,3,Ada
394,Biorand_BearTrap,40200,-19.11,0.02,3.11,-152.00,0.00,0.00,,3,Ada
395,Biorand_BearTrap,40200,-21.54,0.27,-2.68,-151.00,0.00,0.00,,3,Ada
396,Biorand_BearTrap,40200,-19.19,0.26,-8.98,122.00,0.00,0.00,,3,Ada
397,Biorand_BearTrap,40200,-11.65,-0.08,-9.74,84.00,0.00,0.00,,3,Ada
398,Biorand_BearTrap,40200,-7.50,0.02,-3.68,110.00,0.00,0.00,,3,Ada
399,Biorand_BearTrap,40200,-2.84,-0.09,3.70,65.00,0.00,0.00,,3,Ada
400,Biorand_BearTrap,40200,2.87,0.58,4.45,72.00,0.00,0.00,,3,Ada
401,Biorand_BearTrap,40200,8.17,0.02,-0.58,147.00,0.00,0.00,,3,Ada
402,Biorand_BearTrap,40200,9.98,-0.03,-7.83,150.00,0.00,0.00,,3,Ada
403,Biorand_BearTrap,40200,0.52,0.09,-8.25,-159.00,0.00,0.00,,3,Ada
404,Biorand_BearTrap,40200,0.24,0.05,-12.92,178.00,0.00,0.00,,3,Ada
405,Biorand_BearTrap,40210,3.36,3.20,-12.91,175.00,0.00,0.00,,3,Ada
406,Biorand_BearTrap,40200,8.95,0.05,-20.66,0.00,0.00,0.00,,3,Ada
407,Biorand_BearTrap,40200,13.17,0.04,-14.03,28.00,0.00,0.00,,3,Ada
408,Biorand_BearTrap,40200,18.75,0.76,-17.10,146.00,0.00,0.00,,3,Ada
409,Biorand_BearTrap,40200,26.24,2.07,-22.27,106.00,0.00,0.00,,3,Ada
410,Biorand_BearTrap,40200,39.10,3.11,-29.43,88.00,0.00,0.00,,3,Ada
411,Biorand_BearTrap,40200,40.86,3.28,-28.86,63.00,0.00,0.00,,3,Ada
412,Biorand_BearTrap,40200,42.23,3.32,-28.25,59.00,0.00,0.00,,3,Ada
413,Biorand_BearTrap,43300,43.58,2.71,-50.79,-152.00,0.00,0.00,,3,Ada
414,Biorand_BearTrap,43300,44.74,2.71,-56.11,152.00,0.00,0.00,,3,Ada
415,Biorand_BearTrap,43300,43.91,2.93,-62.01,-113.00,0.00,0.00,,3,Ada
416,Biorand_BearTrap,43300,40.18,2.79,-61.86,144.00,0.00,0.00,,3,Ada
417,Biorand_BearTrap,43300,38.78,2.77,-60.41,141.00,0.00,0.00,,3,Ada
418,Biorand_BearTrap,43300,38.08,2.85,-59.19,144.00,0.00,0.00,,3,Ada
419,Biorand_BearTrap,43300,36.07,2.65,-64.86,-114.00,0.00,0.00,,3,Ada
420,Biorand_BearTrap,43300,30.41,2.91,-61.09,-82.00,0.00,0.00,,3,Ada
421,Biorand_BearTrap,43300,27.99,3.01,-67.19,166.00,0.00,0.00,,3,Ada
422,Biorand_BearTrap,43300,31.44,2.88,-70.57,131.00,0.00,0.00,,3,Ada
423,Biorand_BearTrap,43300,34.35,2.99,-76.35,167.00,0.00,0.00,,3,Ada
424,Biorand_BearTrap,43300,41.46,3.27,-78.52,125.00,0.00,0.00,,3,Ada
425,Biorand_BearTrap,43300,47.82,3.31,-81.83,59.00,0.00,0.00,,3,Ada
426,Biorand_BearTrap,43300,55.38,3.39,-72.65,46.00,0.00,0.00,,3,Ada
427,Biorand_BearTrap,43300,54.26,3.17,-65.74,-33.00,0.00,0.00,,3,Ada
428,Biorand_BearTrap,43300,62.88,3.40,-65.42,-179.00,0.00,0.00,,3,Ada
429,Biorand_BearTrap,43300,59.37,3.35,-80.55,119.00,0.00,0.00,,3,Ada
430,Biorand_BearTrap,43300,53.92,3.24,-87.49,172.00,0.00,0.00,,3,Ada
431,Biorand_BearTrap,43300,56.34,3.21,-90.27,80.00,0.00,0.00,,3,Ada
432,Biorand_BearTrap,43300,46.16,9.14,-71.15,-13.00,0.00,0.00,dff7480d-614f-4fc1-8e7d-651e908cc04c,3,Ada
433,Biorand_BearTrap,43300,46.93,10.07,-68.05,-96.00,0.00,0.00,dff7480d-614f-4fc1-8e7d-651e908cc04c,3,Ada
434,Biorand_BearTrap,43300,44.44,10.13,-69.86,-130.00,0.00,0.00,dff7480d-614f-4fc1-8e7d-651e908cc04c,3,Ada
435,Biorand_BearTrap,43300,42.32,10.19,-71.47,-113.00,0.00,0.00,dff7480d-614f-4fc1-8e7d-651e908cc04c,3,Ada
436,Biorand_BearTrap,43300,41.33,10.11,-69.94,-19.00,0.00,0.00,dff7480d-614f-4fc1-8e7d-651e908cc04c,3,Ada
437,Biorand_BearTrap,43300,40.06,9.08,-68.18,-11.00,0.00,0.00,dff7480d-614f-4fc1-8e7d-651e908cc04c,3,Ada
438,Biorand_BearTrap,43300,40.67,8.45,-66.01,35.00,0.00,0.00,dff7480d-614f-4fc1-8e7d-651e908cc04c,3,Ada
439,Biorand_BearTrap,43300,42.24,10.07,-69.01,45.00,0.00,0.00,dff7480d-614f-4fc1-8e7d-651e908cc04c,3,Ada
440,Biorand_BearTrap,43300,44.95,10.02,-66.61,53.00,0.00,0.00,dff7480d-614f-4fc1-8e7d-651e908cc04c,3,Ada
441,Biorand_BearTrap,43300,43.04,8.39,-64.09,-55.00,0.00,0.00,dff7480d-614f-4fc1-8e7d-651e908cc04c,3,Ada
442,Biorand_BearTrap,43300,42.66,9.47,-66.85,-175.00,0.00,0.00,dff7480d-614f-4fc1-8e7d-651e908cc04c,3,Ada
443,Biorand_BearTrap,43300,57.48,11.43,-75.68,160.00,0.00,0.00,dff7480d-614f-4fc1-8e7d-651e908cc04c,3,Ada
444,Biorand_BearTrap,43300,58.77,11.95,-77.20,133.00,0.00,0.00,dff7480d-614f-4fc1-8e7d-651e908cc04c,3,Ada
445,Biorand_BearTrap,43300,60.37,10.88,-78.77,136.00,0.00,0.00,dff7480d-614f-4fc1-8e7d-651e908cc04c,3,Ada
446,Biorand_BearTrap,43300,61.74,10.71,-78.26,39.00,0.00,0.00,dff7480d-614f-4fc1-8e7d-651e908cc04c,3,Ada
447,Biorand_BearTrap,43300,61.13,11.51,-76.67,-26.00,0.00,0.00,dff7480d-614f-4fc1-8e7d-651e908cc04c,3,Ada
448,Biorand_BearTrap,43300,59.96,11.74,-74.77,-32.00,0.00,0.00,dff7480d-614f-4fc1-8e7d-651e908cc04c,3,Ada
449,Biorand_BearTrap,43300,59.05,10.87,-73.23,-29.00,0.00,0.00,dff7480d-614f-4fc1-8e7d-651e908cc04c,3,Ada
450,Biorand_BearTrap,43300,59.38,10.22,-71.23,51.00,0.00,0.00,dff7480d-614f-4fc1-8e7d-651e908cc04c,3,Ada
451,Biorand_BearTrap,43300,62.05,11.26,-71.73,100.00,0.00,0.00,dff7480d-614f-4fc1-8e7d-651e908cc04c,3,Ada
452,Biorand_BearTrap,43300,63.73,10.90,-69.77,-9.00,0.00,0.00,dff7480d-614f-4fc1-8e7d-651e908cc04c,3,Ada
453,Biorand_BearTrap,43300,64.30,10.14,-67.12,35.00,0.00,0.00,dff7480d-614f-4fc1-8e7d-651e908cc04c,3,Ada
454,Biorand_BearTrap,43300,66.54,11.46,-68.57,166.00,0.00,0.00,dff7480d-614f-4fc1-8e7d-651e908cc04c,3,Ada
455,Biorand_BearTrap,43300,68.07,11.55,-70.74,92.00,0.00,0.00,dff7480d-614f-4fc1-8e7d-651e908cc04c,3,Ada
456,Biorand_BearTrap,43310,68.66,10.53,-73.33,-101.00,0.00,0.00,dff7480d-614f-4fc1-8e7d-651e908cc04c,3,Ada
457,Biorand_BearTrap,43310,65.37,11.22,-73.96,-125.00,0.00,0.00,dff7480d-614f-4fc1-8e7d-651e908cc04c,3,Ada
458,Biorand_BearTrap,51858,-28.23,18.20,-17.18,-6.00,0.00,0.00,,4,Ada
459,Biorand_BearTrap,51858,-29.11,14.20,-15.56,-92.00,0.00,0.00,,4,Ada
460,Biorand_BearTrap,51858,-30.55,10.20,-20.47,-42.00,0.00,0.00,,4,Ada
461,Biorand_BearTrap,51858,-25.40,10.20,-16.74,-13.00,0.00,0.00,,4,Ada
462,Biorand_BearTrap,51858,-31.07,10.20,-11.61,-107.00,0.00,0.00,,4,Ada
463,Biorand_BearTrap,51858,-32.24,10.20,-16.00,-178.00,0.00,0.00,,4,Ada
464,Biorand_BearTrap,51858,-37.76,10.20,-16.65,-102.00,0.00,0.00,,4,Ada
465,Biorand_BearTrap,51858,-26.73,6.20,-12.23,-1.00,0.00,0.00,,4,Ada
466,Biorand_BearTrap,51858,-28.86,6.20,-16.66,17.00,0.00,0.00,,4,Ada
467,Biorand_BearTrap,51859,-29.10,6.20,-6.07,-75.00,0.00,0.00,,4,Ada
468,Biorand_BearTrap,51859,-44.54,6.20,-3.98,-2.00,0.00,0.00,,4,Ada
469,Biorand_BearTrap,51859,-34.86,6.20,-1.26,17.00,0.00,0.00,,4,Ada
470,Biorand_BearTrap,51859,-31.65,6.20,7.11,-2.00,0.00,0.00,,4,Ada
471,Biorand_BearTrap,51858,-48.99,8.20,-15.46,-176.00,0.00,0.00,,4,Ada
472,Biorand_BearTrap,51858,-41.79,10.20,-20.27,60.00,0.00,0.00,,4,Ada
473,Biorand_BearTrap,51858,-42.26,10.20,-15.19,-68.00,0.00,0.00,,4,Ada
474,Biorand_BearTrap,51858,-43.97,15.20,-15.30,-93.00,0.00,0.00,,4,Ada
475,Biorand_BearTrap,51858,-48.98,16.20,-20.49,107.00,0.00,0.00,,4,Ada
476,Biorand_BearTrap,51858,-40.62,18.20,-20.98,4.00,0.00,0.00,,4,Ada
477,Biorand_BearTrap,51850,-31.26,26.23,-49.01,-179.00,0.00,0.00,,4,Ada
478,Biorand_BearTrap,51503,-30.95,29.10,-64.13,166.00,0.00,0.00,,4,Ada
479,Biorand_BearTrap,51503,-32.35,28.89,-64.16,177.00,0.00,0.00,,4,Ada
480,Biorand_BearTrap,51503,-33.89,28.89,-64.46,173.00,0.00,0.00,,4,Ada
481,Biorand_BearTrap,51504,-33.50,28.89,-68.98,170.00,0.00,0.00,,4,Ada
482,Biorand_BearTrap,51503,-8.75,26.87,-61.63,1.00,0.00,0.00,,4,Ada
483,Biorand_BearTrap,51502,-8.58,26.89,-44.50,18.00,0.00,0.00,,4,Ada
484,Biorand_BearTrap,51502,-7.89,26.87,-31.77,26.00,0.00,0.00,,4,Ada
485,Biorand_BearTrap,51854,27.33,18.84,-13.87,71.00,0.00,0.00,,4,Ada
486,Biorand_BearTrap,51854,27.25,17.73,-7.97,-91.00,0.00,0.00,,4,Ada
487,Biorand_BearTrap,51855,5.61,16.73,-9.77,91.00,0.00,0.00,8bdeedac-debc-4f40-a554-405544bd5710,4,Ada
488,Biorand_BearTrap,51855,6.68,16.73,-6.06,113.00,0.00,0.00,8bdeedac-debc-4f40-a554-405544bd5710,4,Ada
489,Biorand_BearTrap,51855,8.56,16.73,-8.01,90.00,0.00,0.00,8bdeedac-debc-4f40-a554-405544bd5710,4,Ada
490,Biorand_BearTrap,51855,9.77,16.73,-9.72,91.00,0.00,0.00,8bdeedac-debc-4f40-a554-405544bd5710,4,Ada
491,Biorand_BearTrap,51855,11.77,16.73,-6.03,92.00,0.00,0.00,8bdeedac-debc-4f40-a554-405544bd5710,4,Ada
492,Biorand_BearTrap,51855,13.11,16.73,-7.89,150.00,0.00,0.00,8bdeedac-debc-4f40-a554-405544bd5710,4,Ada
493,Biorand_BearTrap,51855,14.22,16.73,-9.95,145.00,0.00,0.00,8bdeedac-debc-4f40-a554-405544bd5710,4,Ada
494,Biorand_BearTrap,51855,3.44,16.73,-5.81,-75.00,0.00,0.00,8bdeedac-debc-4f40-a554-405544bd5710,4,Ada
495,Biorand_BearTrap,51855,2.75,16.73,-9.67,-166.00,0.00,0.00,8bdeedac-debc-4f40-a554-405544bd5710,4,Ada
496,Biorand_BearTrap,51855,-0.31,16.73,-8.23,-76.00,0.00,0.00,8bdeedac-debc-4f40-a554-405544bd5710,4,Ada
497,Biorand_BearTrap,51855,-1.44,16.73,-5.94,-87.00,0.00,0.00,8bdeedac-debc-4f40-a554-405544bd5710,4,Ada
498,Biorand_BearTrap,51855,-2.96,16.73,-8.04,-174.00,0.00,0.00,8bdeedac-debc-4f40-a554-405544bd5710,4,Ada
499,Biorand_BearTrap,51855,-4.50,16.73,-10.05,-122.00,0.00,0.00,8bdeedac-debc-4f40-a554-405544bd5710,4,Ada
500,Biorand_BearTrap,51855,-6.50,16.73,-8.62,-7.00,0.00,0.00,8bdeedac-debc-4f40-a554-405544bd5710,4,Ada
501,Biorand_BearTrap,51855,-6.71,16.73,-5.82,-30.00,0.00,0.00,8bdeedac-debc-4f40-a554-405544bd5710,4,Ada
502,Biorand_BearTrap,51855,-7.12,16.73,-9.72,161.00,0.00,0.00,8bdeedac-debc-4f40-a554-405544bd5710,4,Ada
503,Biorand_BearTrap,51855,-8.93,16.73,-10.05,-100.00,0.00,0.00,8bdeedac-debc-4f40-a554-405544bd5710,4,Ada
504,Biorand_BearTrap,51855,-9.15,16.73,-8.26,2.00,0.00,0.00,8bdeedac-debc-4f40-a554-405544bd5710,4,Ada
505,Biorand_BearTrap,51855,-9.12,16.73,-6.28,0.00,0.00,0.00,8bdeedac-debc-4f40-a554-405544bd5710,4,Ada
506,Biorand_BearTrap,51855,-11.59,16.73,-5.96,-95.00,0.00,0.00,8bdeedac-debc-4f40-a554-405544bd5710,4,Ada
507,Biorand_BearTrap,51856,13.30,17.70,6.56,-170.00,0.00,0.00,b9a3aaa9-700c-4e5c-a31f-df66bfbda362,4,Ada
508,Biorand_BearTrap,51854,29.30,17.73,-3.49,1.00,0.00,0.00,b9a3aaa9-700c-4e5c-a31f-df66bfbda362,4,Ada
509,Biorand_BearTrap,51856,26.60,17.70,-1.03,-89.00,0.00,0.00,b9a3aaa9-700c-4e5c-a31f-df66bfbda362,4,Ada
510,Biorand_BearTrap,51856,25.37,17.70,0.81,-90.00,0.00,0.00,b9a3aaa9-700c-4e5c-a31f-df66bfbda362,4,Ada
511,Biorand_BearTrap,51856,14.90,17.70,6.40,-85.00,0.00,0.00,b9a3aaa9-700c-4e5c-a31f-df66bfbda362,4,Ada
512,Biorand_BearTrap,51857,28.90,13.46,4.70,172.00,0.00,0.00,,4,Ada
513,Biorand_BearTrap,51857,29.27,13.46,3.46,179.00,0.00,0.00,,4,Ada
514,Biorand_BearTrap,51857,29.20,13.46,1.89,-180.00,0.00,0.00,,4,Ada
515,Biorand_BearTrap,51857,28.82,13.46,0.61,-163.00,0.00,0.00,,4,Ada
516,Biorand_BearTrap,51200,52.00,24.95,26.58,99.00,0.00,0.00,,4,Ada
517,Biorand_BearTrap,51200,55.68,24.95,24.38,121.00,0.00,0.00,,4,Ada
518,Biorand_BearTrap,51200,58.84,24.95,20.71,170.00,0.00,0.00,,4,Ada
519,Biorand_BearTrap,51200,64.97,24.95,20.78,89.00,0.00,0.00,,4,Ada
520,Biorand_BearTrap,51200,69.68,24.95,17.06,95.00,0.00,0.00,,4,Ada
521,Biorand_BearTrap,51200,74.55,24.95,19.77,60.00,0.00,0.00,,4,Ada
522,Biorand_BearTrap,51200,82.22,26.95,16.70,8.00,0.00,0.00,,4,Ada
523,Biorand_BearTrap,51200,82.22,26.95,18.03,0.00,0.00,0.00,,4,Ada
524,Biorand_BearTrap,51200,82.28,26.95,19.48,2.00,0.00,0.00,,4,Ada
525,Biorand_BearTrap,51200,85.24,26.95,19.93,84.00,0.00,0.00,,4,Ada
526,Biorand_BearTrap,51200,86.95,20.95,25.47,-145.00,0.00,0.00,,4,Ada
527,Biorand_BearTrap,51200,76.78,20.95,23.78,-72.00,0.00,0.00,,4,Ada
528,Biorand_BearTrap,51200,68.93,20.95,17.02,-96.00,0.00,0.00,,4,Ada
529,Biorand_BearTrap,51200,55.53,20.95,17.38,-88.00,0.00,0.00,,4,Ada
530,Biorand_BearTrap,51200,56.87,20.95,28.49,67.00,0.00,0.00,,4,Ada
531,Biorand_BearTrap,51200,67.33,20.95,40.53,83.00,0.00,0.00,,4,Ada
532,Biorand_BearTrap,51200,64.29,20.95,43.74,-84.00,0.00,0.00,,4,Ada
533,Biorand_BearTrap,51200,61.16,24.45,43.86,-90.00,0.00,0.00,,4,Ada
534,Biorand_BearTrap,51200,79.64,20.95,40.04,-12.00,0.00,0.00,,4,Ada
535,Biorand_BearTrap,51200,68.52,20.95,56.14,-91.00,0.00,0.00,,4,Ada
536,Biorand_BearTrap,51200,86.92,20.95,53.28,11.00,0.00,0.00,,4,Ada
537,Biorand_BearTrap,51200,86.65,24.45,56.18,179.00,0.00,0.00,,4,Ada
538,Biorand_BearTrap,51200,88.76,20.95,47.11,-171.00,0.00,0.00,,4,Ada
539,Biorand_BearTrap,51200,91.55,20.95,29.94,-37.00,0.00,0.00,,4,Ada
540,Biorand_BearTrap,51200,92.12,20.95,30.37,-33.00,0.00,0.00,,4,Ada
541,Biorand_BearTrap,51200,92.74,20.95,30.85,-33.00,0.00,0.00,,4,Ada
542,Biorand_BearTrap,51200,62.12,20.95,38.69,-80.00,0.00,0.00,,4,Ada
543,Biorand_BearTrap,51200,51.21,25.13,45.55,0.00,0.00,0.00,,4,Ada
544,Biorand_BearTrap,51200,54.36,20.95,45.14,-155.00,0.00,0.00,,4,Ada
545,Biorand_BearTrap,51200,44.15,20.95,50.62,-16.00,0.00,0.00,,4,Ada
546,Biorand_BearTrap,51202,82.55,27.00,6.14,-100.00,0.00,0.00,,4,Ada
547,Biorand_BearTrap,51202,78.36,27.00,11.50,125.00,0.00,0.00,,4,Ada
548,Biorand_BearTrap,51600,79.60,27.68,-1.81,178.00,0.00,0.00,,4,Ada
549,Biorand_BearTrap,51600,79.68,27.68,-7.90,-179.00,0.00,0.00,,4,Ada
550,Biorand_BearTrap,51600,76.74,23.04,-19.62,-126.00,0.00,0.00,,4,Ada
551,Biorand_BearTrap,51600,74.55,23.00,-20.20,-119.00,0.00,0.00,,4,Ada
552,Biorand_BearTrap,51600,83.15,31.00,-42.70,17.00,0.00,0.00,,4,Ada
553,Biorand_BearTrap,51612,89.25,27.00,-47.33,-84.00,0.00,0.00,,4,Ada
554,Biorand_BearTrap,51600,79.94,27.04,-53.65,172.00,0.00,0.00,,4,Ada
555,Biorand_BearTrap,51612,85.57,27.00,-42.22,-30.00,0.00,0.00,,4,Ada
556,Biorand_BearTrap,51612,85.58,23.00,-44.09,108.00,0.00,0.00,,4,Ada
557,Biorand_BearTrap,51612,84.03,23.00,-50.50,-113.00,0.00,0.00,,4,Ada
558,Biorand_BearTrap,51600,82.29,23.03,-57.49,166.00,0.00,0.00,,4,Ada
559,Biorand_BearTrap,51600,84.94,27.00,-74.09,-165.00,0.00,0.00,,4,Ada
560,Biorand_BearTrap,51600,81.67,27.04,-82.39,-169.00,0.00,0.00,,4,Ada
561,Biorand_BearTrap,51870,81.78,22.84,-85.21,108.00,0.00,0.00,,4,Ada
562,Biorand_BearTrap,51600,54.34,27.04,-110.14,65.00,0.00,0.00,,5,Ada
563,Biorand_BearTrap,51611,47.75,27.00,-112.78,-158.00,0.00,0.00,,5,Ada
564,Biorand_BearTrap,51611,46.08,27.00,-116.85,-119.00,0.00,0.00,,5,Ada
565,Biorand_BearTrap,51600,45.26,31.00,-117.74,-26.00,0.00,0.00,,5,Ada
566,Biorand_BearTrap,51611,51.71,29.43,-122.75,-23.00,0.00,0.00,,5,Ada
567,Biorand_BearTrap,51611,48.79,23.03,-117.65,-88.00,0.00,0.00,,5,Ada
568,Biorand_BearTrap,51610,19.08,19.00,-116.93,-52.00,0.00,0.00,,5,Ada
569,Biorand_BearTrap,51610,7.04,19.00,-117.30,-137.00,0.00,0.00,,5,Ada
570,Biorand_BearTrap,51610,9.28,19.00,-118.98,-137.00,0.00,0.00,,5,Ada
571,Biorand_BearTrap,51610,10.51,19.00,-122.74,-144.00,0.00,0.00,,5,Ada
572,Biorand_BearTrap,51610,14.72,19.00,-123.80,38.00,0.00,0.00,,5,Ada
573,Biorand_BearTrap,55850,34.81,13.00,-118.80,65.00,0.00,0.00,,5,Ada
574,Biorand_BearTrap,55850,60.75,-29.00,-115.93,95.00,0.00,0.00,,5,Ada
575,Biorand_BearTrap,55851,114.20,-29.00,-96.65,50.00,0.00,0.00,,5,Ada
576,Biorand_BearTrap,55851,124.47,-29.00,-102.07,46.00,0.00,0.00,,5,Ada
577,Biorand_BearTrap,55852,136.05,-29.00,-78.74,42.00,0.00,0.00,,5,Ada
578,Biorand_BearTrap,55852,127.45,-29.00,-71.13,28.00,0.00,0.00,,5,Ada
579,Biorand_BearTrap,55852,136.92,-28.99,-62.15,45.00,0.00,0.00,,5,Ada
580,Biorand_BearTrap,55852,145.65,-28.99,-57.48,95.00,0.00,0.00,,5,Ada
581,Biorand_BearTrap,55852,143.92,-28.99,-57.65,47.00,0.00,0.00,,5,Ada
582,Biorand_BearTrap,55852,145.54,-28.99,-56.06,56.00,0.00,0.00,,5,Ada
583,Biorand_BearTrap,55852,148.21,-29.00,-65.14,-154.00,0.00,0.00,,5,Ada
584,Biorand_BearTrap,55852,126.24,-28.99,-56.98,-136.00,0.00,0.00,,5,Ada
585,Biorand_BearTrap,55852,125.26,-28.99,-56.01,-128.00,0.00,0.00,,5,Ada
586,Biorand_BearTrap,55852,119.42,-29.01,-68.41,165.00,0.00,0.00,,5,Ada
587,Biorand_BearTrap,55852,119.45,-29.00,-72.49,139.00,0.00,0.00,,5,Ada
588,Biorand_BearTrap,55851,116.90,-29.00,-83.79,141.00,0.00,0.00,,5,Ada
589,Biorand_BearTrap,55851,109.12,-29.00,-88.71,-134.00,0.00,0.00,,5,Ada
590,Biorand_BearTrap,55851,113.68,-29.00,-84.27,43.00,0.00,0.00,,5,Ada
591,Biorand_BearTrap,55851,122.07,-29.00,-89.19,134.00,0.00,0.00,,5,Ada
592,Biorand_BearTrap,55852,142.76,-32.00,-66.83,-79.00,0.00,0.00,f7a64201-3a8f-4816-a77a-ff54be4e6ee6,5,Ada
593,Biorand_BearTrap,55852,136.14,-32.00,-78.31,-135.00,0.00,0.00,f7a64201-3a8f-4816-a77a-ff54be4e6ee6,5,Ada
594,Biorand_BearTrap,55852,130.53,-32.00,-63.06,38.00,0.00,0.00,f7a64201-3a8f-4816-a77a-ff54be4e6ee6,5,Ada
595,Biorand_BearTrap,55852,137.04,-32.00,-54.50,39.00,0.00,0.00,f7a64201-3a8f-4816-a77a-ff54be4e6ee6,5,Ada
596,Biorand_BearTrap,55853,136.74,-31.99,-46.98,37.00,0.00,0.00,f7a64201-3a8f-4816-a77a-ff54be4e6ee6,5,Ada
597,Biorand_BearTrap,55852,148.10,-32.00,-42.39,41.00,0.00,0.00,f7a64201-3a8f-4816-a77a-ff54be4e6ee6,5,Ada
598,Biorand_BearTrap,55853,154.88,-32.00,-30.20,-6.00,0.00,0.00,f7a64201-3a8f-4816-a77a-ff54be4e6ee6,5,Ada
599,Biorand_BearTrap,55853,149.86,-32.00,-17.04,-9.00,0.00,0.00,f7a64201-3a8f-4816-a77a-ff54be4e6ee6,5,Ada
600,Biorand_BearTrap,55853,138.52,-32.00,-31.47,-135.00,0.00,0.00,f7a64201-3a8f-4816-a77a-ff54be4e6ee6,5,Ada
601,Biorand_BearTrap,55852,131.70,-32.00,-85.88,164.00,0.00,0.00,f7a64201-3a8f-4816-a77a-ff54be4e6ee6,5,Ada
602,Biorand_BearTrap,55851,118.97,-32.00,-94.49,138.00,0.00,0.00,f7a64201-3a8f-4816-a77a-ff54be4e6ee6,5,Ada
603,Biorand_BearTrap,55851,104.21,-32.00,-102.10,-128.00,0.00,0.00,f7a64201-3a8f-4816-a77a-ff54be4e6ee6,5,Ada
604,Biorand_BearTrap,55851,102.56,-29.00,-107.64,47.00,0.00,0.00,f7a64201-3a8f-4816-a77a-ff54be4e6ee6,5,Ada
605,Biorand_BearTrap,55851,97.08,-29.00,-113.32,-140.00,0.00,0.00,f7a64201-3a8f-4816-a77a-ff54be4e6ee6,5,Ada
606,Biorand_BearTrap,55852,143.87,-32.00,-75.73,56.00,0.00,0.00,f7a64201-3a8f-4816-a77a-ff54be4e6ee6,5,Ada
607,Biorand_BearTrap,55853,129.64,-32.00,-39.44,54.00,0.00,0.00,f7a64201-3a8f-4816-a77a-ff54be4e6ee6,5,Ada
608,Biorand_BearTrap,55853,174.80,-32.00,-4.17,35.00,0.00,0.00,f7a64201-3a8f-4816-a77a-ff54be4e6ee6,5,Ada
609,Biorand_BearTrap,55854,154.66,-31.00,6.38,-26.00,0.00,0.00,40807771-38e9-4ec8-a240-d75f4fdff461,5,Ada
610,Biorand_BearTrap,55854,148.46,-31.00,8.13,-91.00,0.00,0.00,40807771-38e9-4ec8-a240-d75f4fdff461,5,Ada
611,Biorand_BearTrap,55854,150.60,-31.00,2.82,172.00,0.00,0.00,40807771-38e9-4ec8-a240-d75f4fdff461,5,Ada
612,Biorand_BearTrap,55854,148.86,-31.00,-1.84,-119.00,0.00,0.00,40807771-38e9-4ec8-a240-d75f4fdff461,5,Ada
613,Biorand_BearTrap,55854,155.28,-31.00,-1.41,-84.00,0.00,0.00,40807771-38e9-4ec8-a240-d75f4fdff461,5,Ada
614,Biorand_BearTrap,55854,140.70,-31.00,0.52,-89.00,0.00,0.00,40807771-38e9-4ec8-a240-d75f4fdff461,5,Ada
615,Biorand_BearTrap,55854,140.95,-31.00,5.46,-3.00,0.00,0.00,40807771-38e9-4ec8-a240-d75f4fdff461,5,Ada
616,Biorand_BearTrap,55854,137.13,-31.00,8.75,-92.00,0.00,0.00,40807771-38e9-4ec8-a240-d75f4fdff461,5,Ada
617,Biorand_BearTrap,55854,134.39,-31.00,8.47,-93.00,0.00,0.00,40807771-38e9-4ec8-a240-d75f4fdff461,5,Ada
618,Biorand_BearTrap,55854,130.95,-31.00,3.13,175.00,0.00,0.00,40807771-38e9-4ec8-a240-d75f4fdff461,5,Ada
619,Biorand_BearTrap,55854,131.30,-31.00,-2.46,85.00,0.00,0.00,40807771-38e9-4ec8-a240-d75f4fdff461,5,Ada
620,Biorand_BearTrap,55854,138.50,-31.00,2.80,3.00,0.00,0.00,40807771-38e9-4ec8-a240-d75f4fdff461,5,Ada
621,Biorand_BearTrap,55854,129.08,-31.00,4.36,-12.00,0.00,0.00,,5,Ada
622,Biorand_BearTrap,55854,129.07,-30.00,10.71,4.00,0.00,0.00,,5,Ada
623,Biorand_BearTrap,55854,135.13,-27.95,12.70,84.00,0.00,0.00,,5,Ada
624,Biorand_BearTrap,55854,138.24,-27.00,11.67,110.00,0.00,0.00,,5,Ada
625,Biorand_BearTrap,55854,138.66,-27.00,-2.67,180.00,0.00,0.00,,5,Ada
626,Biorand_BearTrap,55854,130.58,-27.00,-5.34,-85.00,0.00,0.00,,5,Ada
627,Biorand_BearTrap,55854,120.99,-27.00,-5.35,-91.00,0.00,0.00,,5,Ada
628,Biorand_BearTrap,55200,131.83,0.80,28.83,44.00,0.00,0.00,,5,Ada
629,Biorand_BearTrap,55860,132.04,-57.08,115.38,-90.00,0.00,0.00,,5,Ada
630,Biorand_BearTrap,55860,126.81,-57.18,112.97,-114.00,0.00,0.00,,5,Ada
631,Biorand_BearTrap,55860,122.68,-57.06,110.66,-177.00,0.00,0.00,,5,Ada
632,Biorand_BearTrap,55860,124.48,-57.17,106.67,138.00,0.00,0.00,,5,Ada
633,Biorand_BearTrap,55860,127.35,-57.18,104.32,112.00,0.00,0.00,,5,Ada
634,Biorand_BearTrap,55860,131.50,-57.09,105.94,26.00,0.00,0.00,,5,Ada
635,Biorand_BearTrap,55860,130.09,-62.01,91.11,162.00,0.00,0.00,,5,Ada
636,Biorand_BearTrap,55860,130.76,-62.01,83.63,-168.00,0.00,0.00,,5,Ada
637,Biorand_BearTrap,55860,125.04,-62.01,83.06,-87.00,0.00,0.00,,5,Ada
638,Biorand_BearTrap,55860,122.54,-62.01,87.46,-7.00,0.00,0.00,,5,Ada
639,Biorand_BearTrap,55860,120.71,-62.01,93.45,-48.00,0.00,0.00,,5,Ada
640,Biorand_BearTrap,55860,116.19,-62.01,92.22,-98.00,0.00,0.00,,5,Ada
641,Biorand_BearTrap,55860,110.98,-62.01,89.94,-127.00,0.00,0.00,,5,Ada
642,Biorand_BearTrap,55860,108.43,-62.01,85.40,-133.00,0.00,0.00,,5,Ada
643,Biorand_BearTrap,55860,114.47,-62.01,85.09,130.00,0.00,0.00,,5,Ada
644,Biorand_BearTrap,55860,113.82,-62.01,78.32,165.00,0.00,0.00,,5,Ada
645,Biorand_BearTrap,55860,119.22,-62.01,77.35,70.00,0.00,0.00,,5,Ada
646,Biorand_BearTrap,55860,125.83,-62.01,74.36,86.00,0.00,0.00,,5,Ada
647,Biorand_BearTrap,55860,135.64,-61.24,75.29,136.00,0.00,0.00,,5,Ada
648,Biorand_BearTrap,55300,188.32,-42.54,50.51,-137.00,0.00,0.00,,5,Ada
649,Biorand_BearTrap,55302,201.01,-17.85,57.14,133.00,0.00,0.00,,5,Ada
650,Biorand_BearTrap,55302,191.68,-7.57,40.38,-23.00,0.00,0.00,,5,Ada
651,Biorand_BearTrap,56104,190.41,46.20,-88.18,92.00,0.00,0.00,,5,Ada
652,Biorand_BearTrap,56104,210.48,43.30,-111.42,-177.00,0.00,0.00,,5,Ada
653,Biorand_BearTrap,56104,209.79,43.30,-114.97,-176.00,0.00,0.00,,5,Ada
654,Biorand_BearTrap,56104,207.32,43.30,-112.33,-6.00,0.00,0.00,,5,Ada
655,Biorand_BearTrap,56104,209.87,40.30,-103.75,-84.00,0.00,0.00,,5,Ada
656,Biorand_BearTrap,56104,205.58,40.30,-100.41,-87.00,0.00,0.00,,5,Ada
657,Biorand_BearTrap,56104,202.00,46.22,-103.57,-88.00,0.00,0.00,,5,Ada
658,Biorand_BearTrap,56104,200.78,46.22,-95.52,1.00,0.00,0.00,,5,Ada
659,Biorand_BearTrap,56104,205.63,50.30,-91.04,72.00,0.00,0.00,,5,Ada
660,Biorand_BearTrap,56104,205.20,50.30,-88.14,-92.00,0.00,0.00,,5,Ada
661,Biorand_BearTrap,56851,209.88,35.00,-164.18,139.00,0.00,0.00,,5,Ada
662,Biorand_BearTrap,56851,216.71,35.05,-162.61,95.00,0.00,0.00,,5,Ada
663,Biorand_BearTrap,56851,222.12,35.00,-164.35,-161.00,0.00,0.00,,5,Ada
664,Biorand_BearTrap,56851,221.30,35.09,-158.25,4.00,0.00,0.00,,5,Ada
665,Biorand_BearTrap,56850,219.01,35.09,-152.86,-29.00,0.00,0.00,,5,Ada
666,Biorand_BearTrap,56850,222.46,35.01,-151.96,-52.00,0.00,0.00,,5,Ada
667,Biorand_BearTrap,56851,209.19,35.07,-175.32,-165.00,0.00,0.00,,5,Ada
668,Biorand_BearTrap,56851,210.76,35.09,-176.48,129.00,0.00,0.00,,5,Ada
669,Biorand_BearTrap,56851,209.70,35.08,-175.86,122.00,0.00,0.00,,5,Ada
670,Biorand_BearTrap,56851,217.96,35.01,-169.42,-95.00,0.00,0.00,,5,Ada
671,Biorand_BearTrap,56851,236.46,35.03,-191.77,136.00,0.00,0.00,,5,Ada
672,Biorand_BearTrap,56851,234.28,35.04,-193.10,-86.00,0.00,0.00,,5,Ada
673,Biorand_BearTrap,56851,227.51,35.02,-194.33,-162.00,0.00,0.00,,5,Ada
674,Biorand_BearTrap,56851,221.97,37.95,-196.78,-145.00,0.00,0.00,,5,Ada
675,Biorand_BearTrap,56851,221.27,37.92,-197.65,-142.00,0.00,0.00,,5,Ada
676,Biorand_BearTrap,56851,220.69,37.90,-198.40,-146.00,0.00,0.00,,5,Ada
677,Biorand_BearTrap,56851,212.08,34.00,-190.82,-61.00,0.00,0.00,,5,Ada
678,Biorand_BearTrap,56851,208.92,34.03,-190.77,-81.00,0.00,0.00,,5,Ada
679,Biorand_BearTrap,56851,209.72,34.02,-188.27,16.00,0.00,0.00,,5,Ada
680,Biorand_BearTrap,56851,208.31,35.06,-182.49,14.00,0.00,0.00,,5,Ada
681,Biorand_BearTrap,56851,205.55,35.08,-181.21,-70.00,0.00,0.00,,5,Ada
682,Biorand_BearTrap,56851,208.57,35.00,-179.76,-21.00,0.00,0.00,,5,Ada
683,Biorand_BearTrap,56851,207.84,35.00,-177.55,-11.00,0.00,0.00,,5,Ada
684,Biorand_BearTrap,56850,220.58,35.00,-148.57,59.00,0.00,0.00,,5,Ada
685,Biorand_BearTrap,56850,222.32,35.00,-147.72,55.00,0.00,0.00,,5,Ada
686,Biorand_BearTrap,56850,223.11,35.05,-144.02,36.00,0.00,0.00,,5,Ada
687,Biorand_BearTrap,56850,225.39,35.00,-141.53,24.00,0.00,0.00,,5,Ada
688,Biorand_BearTrap,56850,226.19,35.00,-138.68,11.00,0.00,0.00,,5,Ada
689,Biorand_BearTrap,56850,223.25,35.00,-139.26,-133.00,0.00,0.00,,5,Ada
690,Biorand_BearTrap,56850,225.67,35.00,-129.28,1.00,0.00,0.00,,5,Ada
691,Biorand_BearTrap,56850,227.65,35.03,-123.78,-2.00,0.00,0.00,,5,Ada
692,Biorand_BearTrap,56850,225.77,43.00,-105.50,-3.00,0.00,0.00,,5,Ada
693,Biorand_BearTrap,56850,227.77,43.02,-106.02,-4.00,0.00,0.00,,5,Ada
694,Biorand_BearTrap,56104,223.76,43.00,-97.99,-4.00,0.00,0.00,,5,Ada
695,Biorand_BearTrap,56104,223.68,46.02,-88.70,-7.00,0.00,0.00,,5,Ada
696,Biorand_BearTrap,56104,225.48,46.00,-79.69,25.00,0.00,0.00,,5,Ada
697,Biorand_BearTrap,56104,227.35,49.03,-73.16,71.00,0.00,0.00,,5,Ada
698,Biorand_BearTrap,56104,237.21,52.00,-76.49,-21.00,0.00,0.00,,5,Ada
699,Biorand_BearTrap,56104,240.79,56.00,-72.05,144.00,0.00,0.00,,5,Ada
700,Biorand_BearTrap,56104,241.23,56.00,-73.50,174.00,0.00,0.00,,5,Ada
701,Biorand_BearTrap,56104,241.18,56.00,-76.68,148.00,0.00,0.00,,5,Ada
702,Biorand_BearTrap,56201,285.37,53.68,-111.78,-2.00,0.00,0.00,,5,Ada
703,Biorand_BearTrap,56201,285.22,53.68,-109.20,0.00,0.00,0.00,,5,Ada
704,Biorand_BearTrap,56201,297.12,48.24,-107.67,56.00,0.00,0.00,,5,Ada
705,Biorand_BearTrap,56201,299.50,48.24,-106.45,84.00,0.00,0.00,,5,Ada
706,Biorand_BearTrap,56300,302.33,-3.26,-102.40,-28.00,0.00,0.00,,5,Ada
707,Biorand_BearTrap,56300,299.92,-3.26,-93.40,-99.00,0.00,0.00,,5,Ada
708,Biorand_BearTrap,56300,296.06,-3.26,-90.29,-19.00,0.00,0.00,,5,Ada
709,Biorand_BearTrap,56300,294.39,-3.26,-97.10,-160.00,0.00,0.00,,5,Ada
710,Biorand_BearTrap,56300,299.12,-3.26,-83.07,60.00,0.00,0.00,,5,Ada
711,Biorand_BearTrap,56301,309.33,-3.26,-66.58,38.00,0.00,0.00,,5,Ada
712,Biorand_BearTrap,56302,317.54,-3.27,-62.42,92.00,0.00,0.00,,5,Ada
713,Biorand_BearTrap,56302,328.90,-7.46,-62.30,90.00,0.00,0.00,,5,Ada
714,Biorand_BearTrap,56302,337.27,-7.46,-63.23,88.00,0.00,0.00,,5,Ada
715,Biorand_BearTrap,56302,337.15,-7.46,-61.29,90.00,0.00,0.00,,5,Ada
716,Biorand_BearTrap,56302,337.18,-7.46,-62.20,94.00,0.00,0.00,,5,Ada
717,Biorand_BearTrap,56302,345.86,-7.46,-61.57,92.00,0.00,0.00,,5,Ada
718,Biorand_BearTrap,56302,345.81,-7.46,-62.81,92.00,0.00,0.00,,5,Ada
719,Biorand_BearTrap,64103,87.61,22.98,-142.84,-161.00,0.00,0.00,,6,Ada
720,Biorand_BearTrap,64103,84.68,22.98,-144.60,-123.00,0.00,0.00,,6,Ada
721,Biorand_BearTrap,64103,84.90,22.98,-151.04,-137.00,0.00,0.00,,6,Ada
722,Biorand_BearTrap,64103,77.42,22.98,-153.10,-81.00,0.00,0.00,,6,Ada
723,Biorand_BearTrap,64103,73.81,22.98,-149.54,-6.00,0.00,0.00,,6,Ada
724,Biorand_BearTrap,64103,72.88,22.98,-145.44,-35.00,0.00,0.00,,6,Ada
725,Biorand_BearTrap,64200,70.80,28.93,-149.99,-138.00,0.00,0.00,,6,Ada
726,Biorand_BearTrap,64200,66.03,28.93,-149.54,-139.00,0.00,0.00,,6,Ada
727,Biorand_BearTrap,64200,65.71,28.93,-155.53,179.00,0.00,0.00,,6,Ada
728,Biorand_BearTrap,64102,71.99,28.89,-156.60,157.00,0.00,0.00,,6,Ada
729,Biorand_BearTrap,64102,73.05,26.71,-171.95,-127.00,0.00,0.00,,6,Ada
730,Biorand_BearTrap,64102,85.34,24.99,-169.71,10.00,0.00,0.00,,6,Ada
731,Biorand_BearTrap,64101,67.90,26.85,-171.25,-180.00,0.00,0.00,,6,Ada
732,Biorand_BearTrap,64101,67.93,26.85,-172.91,179.00,0.00,0.00,,6,Ada
733,Biorand_BearTrap,64101,67.93,26.85,-174.58,178.00,0.00,0.00,,6,Ada
734,Biorand_BearTrap,64101,56.64,25.75,-170.73,-79.00,0.00,0.00,,6,Ada
735,Biorand_BearTrap,64101,54.80,25.75,-170.62,-90.00,0.00,0.00,,6,Ada
736,Biorand_BearTrap,64101,55.94,25.75,-177.52,-178.00,0.00,0.00,,6,Ada
737,Biorand_BearTrap,64101,59.70,25.75,-179.77,69.00,0.00,0.00,,6,Ada
738,Biorand_BearTrap,64101,63.90,25.75,-182.18,121.00,0.00,0.00,,6,Ada
739,Biorand_BearTrap,64101,51.38,25.75,-165.50,180.00,0.00,0.00,,6,Ada
740,Biorand_BearTrap,64101,51.90,25.75,-171.15,-143.00,0.00,0.00,,6,Ada
741,Biorand_BearTrap,64101,44.98,25.75,-176.40,-21.00,0.00,0.00,,6,Ada
742,Biorand_BearTrap,64101,44.43,25.75,-174.56,-23.00,0.00,0.00,,6,Ada
743,Biorand_BearTrap,64100,47.89,25.74,-158.35,-1.00,0.00,0.00,,6,Ada
744,Biorand_BearTrap,64100,47.87,25.74,-157.05,2.00,0.00,0.00,,6,Ada
745,Biorand_BearTrap,64100,52.99,25.74,-157.09,74.00,0.00,0.00,,6,Ada
746,Biorand_BearTrap,64100,54.83,25.74,-154.24,-20.00,0.00,0.00,,6,Ada
747,Biorand_BearTrap,62200,50.76,16.40,-116.92,11.00,0.00,0.00,,6,Ada
748,Biorand_BearTrap,62200,47.84,16.40,-116.83,-83.00,0.00,0.00,,6,Ada
749,Biorand_BearTrap,62200,42.63,16.40,-116.54,-105.00,0.00,0.00,,6,Ada
750,Biorand_BearTrap,62200,31.47,16.40,-111.14,4.00,0.00,0.00,,6,Ada
751,Biorand_BearTrap,62200,33.41,16.40,-103.32,16.00,0.00,0.00,,6,Ada
752,Biorand_BearTrap,62200,38.99,16.40,-100.71,99.00,0.00,0.00,,6,Ada
753,Biorand_BearTrap,62200,44.43,16.40,-104.78,124.00,0.00,0.00,,6,Ada
754,Biorand_BearTrap,62200,44.11,16.40,-108.52,-57.00,0.00,0.00,,6,Ada
755,Biorand_BearTrap,62200,52.98,16.40,-111.83,179.00,0.00,0.00,,6,Ada
756,Biorand_BearTrap,62200,38.10,16.40,-104.62,35.00,0.00,0.00,,6,Ada
757,Biorand_BearTrap,62200,36.01,18.95,-104.15,-105.00,0.00,0.00,,6,Ada
758,Biorand_BearTrap,62200,39.56,18.98,-109.03,86.00,0.00,0.00,,6,Ada
759,Biorand_BearTrap,62200,30.76,18.74,-102.39,5.00,0.00,0.00,,6,Ada
760,Biorand_BearTrap,61000,43.68,21.69,-81.71,-85.00,0.00,0.00,,6,Ada
761,Biorand_BearTrap,61000,42.58,21.69,-81.68,-91.00,0.00,0.00,,6,Ada
762,Biorand_BearTrap,61000,41.19,21.69,-81.68,-91.00,0.00,0.00,,6,Ada
763,Biorand_BearTrap,61850,53.76,21.69,-68.65,1.00,0.00,0.00,,6,Ada
764,Biorand_BearTrap,61850,53.71,21.69,-69.99,1.00,0.00,0.00,,6,Ada
765,Biorand_BearTrap,61852,53.86,17.19,-48.81,59.00,0.00,0.00,,6,Ada
766,Biorand_BearTrap,61852,64.25,17.19,-64.25,111.00,0.00,0.00,,6,Ada
767,Biorand_BearTrap,61201,73.61,10.50,-59.80,54.00,0.00,0.00,,6,Ada
768,Biorand_BearTrap,61201,78.48,10.50,-57.92,55.00,0.00,0.00,,6,Ada
769,Biorand_BearTrap,61201,83.81,10.50,-54.20,41.00,0.00,0.00,,6,Ada
770,Biorand_BearTrap,61201,78.85,10.50,-50.69,-73.00,0.00,0.00,,6,Ada
771,Biorand_BearTrap,61201,73.00,10.50,-49.16,-27.00,0.00,0.00,,6,Ada
772,Biorand_BearTrap,61201,76.28,10.50,-46.01,53.00,0.00,0.00,,6,Ada
773,Biorand_BearTrap,61203,88.68,10.50,-40.69,87.00,0.00,0.00,,6,Ada
774,Biorand_BearTrap,61204,94.88,10.50,-40.14,84.00,0.00,0.00,,6,Ada
775,Biorand_BearTrap,61204,100.37,10.50,-39.77,168.00,0.00,0.00,,6,Ada
776,Biorand_BearTrap,61204,97.60,10.50,-44.13,-81.00,0.00,0.00,,6,Ada
777,Biorand_BearTrap,61204,98.43,12.60,-41.88,90.00,0.00,0.00,,6,Ada
778,Biorand_BearTrap,61204,107.54,14.50,-43.86,88.00,0.00,0.00,,6,Ada
779,Biorand_BearTrap,61204,111.99,14.50,-40.90,-19.00,0.00,0.00,,6,Ada
780,Biorand_BearTrap,61204,107.14,14.50,-40.98,-112.00,0.00,0.00,,6,Ada
781,Biorand_BearTrap,61300,113.00,14.50,-48.61,100.00,0.00,0.00,,6,Ada
782,Biorand_BearTrap,61300,114.54,14.50,-48.89,98.00,0.00,0.00,,6,Ada
783,Biorand_BearTrap,61300,104.88,16.50,-57.11,-95.00,0.00,0.00,,6,Ada
784,Biorand_BearTrap,61301,104.53,16.50,-58.06,-89.00,0.00,0.00,,6,Ada
785,Biorand_BearTrap,61301,98.65,16.50,-56.65,-84.00,0.00,0.00,,6,Ada
786,Biorand_BearTrap,61302,102.83,18.50,-72.68,180.00,0.00,0.00,,6,Ada
787,Biorand_BearTrap,61302,108.73,18.50,-71.27,-178.00,0.00,0.00,,6,Ada
788,Biorand_BearTrap,61302,111.42,18.50,-78.50,-173.00,0.00,0.00,,6,Ada
789,Biorand_BearTrap,61302,110.26,18.50,-82.17,-179.00,0.00,0.00,,6,Ada
790,Biorand_BearTrap,61400,114.27,18.50,-89.93,140.00,0.00,0.00,,6,Ada
791,Biorand_BearTrap,61402,116.94,18.50,-88.79,2.00,0.00,0.00,,6,Ada
792,Biorand_BearTrap,61302,106.24,18.50,-85.91,-89.00,0.00,0.00,,6,Ada
793,Biorand_BearTrap,61302,105.27,18.50,-84.99,-76.00,0.00,0.00,,6,Ada
794,Biorand_BearTrap,61302,102.56,18.50,-76.62,16.00,0.00,0.00,,6,Ada
795,Biorand_BearTrap,61304,96.71,18.50,-81.77,-94.00,0.00,0.00,,6,Ada
796,Biorand_BearTrap,61304,90.10,18.50,-83.66,-112.00,0.00,0.00,,6,Ada
797,Biorand_BearTrap,61305,92.53,18.50,-89.98,-108.00,0.00,0.00,,6,Ada
798,Biorand_BearTrap,61305,89.56,18.50,-95.61,-178.00,0.00,0.00,,6,Ada
799,Biorand_BearTrap,61305,90.81,18.50,-97.45,-116.00,0.00,0.00,,6,Ada
800,Biorand_BearTrap,61301,101.91,18.50,-65.02,-6.00,0.00,0.00,,6,Ada
801,Biorand_BearTrap,61500,87.89,16.51,-56.54,-51.00,0.00,0.00,,6,Ada
802,Biorand_BearTrap,61500,80.96,16.51,-56.25,-99.00,0.00,0.00,,6,Ada
803,Biorand_BearTrap,61500,80.86,16.51,-62.34,135.00,0.00,0.00,,6,Ada
804,Biorand_BearTrap,61501,79.11,16.51,-66.18,-179.00,0.00,0.00,,6,Ada
805,Biorand_BearTrap,61502,83.62,16.51,-77.89,-179.00,0.00,0.00,,6,Ada
806,Biorand_BearTrap,61502,81.35,16.51,-87.14,-86.00,0.00,0.00,,6,Ada
807,Biorand_BearTrap,61502,79.86,16.51,-88.98,-155.00,0.00,0.00,,6,Ada
808,Biorand_BearTrap,61502,77.18,16.51,-87.20,-90.00,0.00,0.00,,6,Ada
809,Biorand_BearTrap,61503,75.42,16.51,-87.31,10.00,0.00,0.00,,6,Ada
810,Biorand_BearTrap,61503,74.23,16.51,-79.98,1.00,0.00,0.00,,6,Ada
811,Biorand_BearTrap,61505,71.17,16.51,-78.39,-130.00,0.00,0.00,,6,Ada
812,Biorand_BearTrap,61851,72.84,21.69,-65.04,-90.00,0.00,0.00,,6,Ada
813,Biorand_BearTrap,61851,66.05,21.69,-68.80,-178.00,0.00,0.00,,6,Ada
814,Biorand_BearTrap,61851,56.41,21.69,-71.24,-87.00,0.00,0.00,,6,Ada
815,Biorand_BearTrap,61853,87.41,17.19,-37.75,1.00,0.00,0.00,,6,Ada
816,Biorand_BearTrap,60850,88.30,17.17,-22.43,2.00,0.00,0.00,,6,Ada
817,Biorand_BearTrap,60850,88.35,20.96,-15.08,-6.00,0.00,0.00,,6,Ada
818,Biorand_BearTrap,60850,85.78,20.96,-14.98,-89.00,0.00,0.00,,6,Ada
819,Biorand_BearTrap,60850,87.74,20.93,-11.29,46.00,0.00,0.00,,6,Ada
820,Biorand_BearTrap,60850,91.87,20.91,-6.61,23.00,0.00,0.00,,6,Ada
821,Biorand_BearTrap,60850,89.44,20.90,12.08,-93.00,0.00,0.00,,6,Ada
822,Biorand_BearTrap,60865,94.70,4.43,114.94,90.00,0.00,0.00,,6,Ada
823,Biorand_BearTrap,60865,98.22,4.40,111.11,131.00,0.00,0.00,,6,Ada
824,Biorand_BearTrap,60865,102.03,4.40,113.41,13.00,0.00,0.00,,6,Ada
825,Biorand_BearTrap,60865,101.45,4.40,118.98,-10.00,0.00,0.00,,6,Ada
826,Biorand_BearTrap,60865,99.06,4.40,123.80,7.00,0.00,0.00,,6,Ada
827,Biorand_BearTrap,60865,98.46,4.40,128.39,-47.00,0.00,0.00,,6,Ada
828,Biorand_BearTrap,60865,95.36,4.40,129.47,-74.00,0.00,0.00,,6,Ada
829,Biorand_BearTrap,60865,95.05,4.40,135.37,7.00,0.00,0.00,,6,Ada
830,Biorand_BearTrap,60865,93.84,1.00,144.72,-77.00,0.00,0.00,,6,Ada
831,Biorand_BearTrap,60865,96.64,1.00,145.94,61.00,0.00,0.00,,6,Ada
832,Biorand_BearTrap,60865,100.72,1.00,150.10,32.00,0.00,0.00,,6,Ada
833,Biorand_BearTrap,60865,95.53,1.00,149.93,-79.00,0.00,0.00,,6,Ada
834,Biorand_BearTrap,60865,91.30,1.00,148.67,-95.00,0.00,0.00,,6,Ada
835,Biorand_BearTrap,60865,88.30,1.00,151.95,-29.00,0.00,0.00,,6,Ada
836,Biorand_BearTrap,60865,84.39,1.00,154.99,-72.00,0.00,0.00,,6,Ada
837,Biorand_BearTrap,60865,81.23,1.00,152.01,-165.00,0.00,0.00,,6,Ada
838,Biorand_BearTrap,60865,85.56,1.00,148.18,85.00,0.00,0.00,,6,Ada
839,Biorand_BearTrap,60865,90.31,1.00,154.76,36.00,0.00,0.00,,6,Ada
840,Biorand_BearTrap,60865,96.11,1.00,153.69,54.00,0.00,0.00,,6,Ada
841,Biorand_BearTrap,60865,102.08,1.00,155.85,41.00,0.00,0.00,,6,Ada
842,Biorand_BearTrap,60865,104.35,1.00,162.16,19.00,0.00,0.00,,6,Ada
843,Biorand_BearTrap,60865,100.92,1.00,161.82,-120.00,0.00,0.00,,6,Ada
844,Biorand_BearTrap,60865,95.97,1.00,159.12,-120.00,0.00,0.00,,6,Ada
845,Biorand_BearTrap,60865,73.85,6.08,162.80,-21.00,0.00,0.00,,6,Ada
846,Biorand_BearTrap,60865,69.08,7.00,164.65,-40.00,0.00,0.00,,6,Ada
847,Biorand_BearTrap,60865,66.51,7.00,169.42,-51.00,0.00,0.00,,6,Ada
848,Biorand_BearTrap,60865,65.15,7.00,173.85,71.00,0.00,0.00,,6,Ada
849,Biorand_BearTrap,60865,60.27,7.00,174.13,-26.00,0.00,0.00,,6,Ada
850,Biorand_BearTrap,60865,64.55,7.00,183.07,-4.00,0.00,0.00,,6,Ada
851,Biorand_BearTrap,60865,60.82,6.00,187.81,-45.00,0.00,0.00,,6,Ada
852,Biorand_BearTrap,60865,62.11,5.98,194.04,39.00,0.00,0.00,,6,Ada
853,Biorand_BearTrap,60865,54.50,4.69,199.84,-38.00,0.00,0.00,,6,Ada
854,Biorand_BearTrap,60865,51.47,4.60,200.20,-137.00,0.00,0.00,,6,Ada
855,Biorand_BearTrap,60865,50.18,4.57,198.86,-137.00,0.00,0.00,,6,Ada
856,Biorand_BearTrap,60865,65.95,8.00,200.95,37.00,0.00,0.00,,6,Ada
857,Biorand_BearTrap,60865,62.64,8.00,204.84,-13.00,0.00,0.00,,6,Ada
858,Biorand_BearTrap,60865,69.25,8.00,209.63,66.00,0.00,0.00,,6,Ada
859,Biorand_BearTrap,60865,71.98,8.00,212.54,-67.00,0.00,0.00,,6,Ada
860,Biorand_BearTrap,60865,81.36,10.00,199.16,-133.00,0.00,0.00,,6,Ada
861,Biorand_BearTrap,60865,82.92,10.00,194.19,179.00,0.00,0.00,,6,Ada
862,Biorand_BearTrap,60865,74.15,8.00,208.36,-96.00,0.00,0.00,,6,Ada
863,Biorand_BearTrap,60865,67.44,8.00,215.38,-3.00,0.00,0.00,,6,Ada
864,Biorand_BearTrap,60865,62.72,8.00,216.19,-53.00,0.00,0.00,,6,Ada
865,Biorand_BearTrap,60865,68.17,8.00,222.05,90.00,0.00,0.00,,6,Ada
866,Biorand_BearTrap,60865,62.92,8.00,221.25,-80.00,0.00,0.00,,6,Ada
867,Biorand_BearTrap,60865,55.58,10.00,222.98,-121.00,0.00,0.00,,6,Ada
868,Biorand_BearTrap,60865,53.21,10.00,219.52,-135.00,0.00,0.00,,6,Ada
869,Biorand_BearTrap,60865,48.98,10.00,217.97,-156.00,0.00,0.00,,6,Ada
870,Biorand_BearTrap,60865,48.67,10.00,214.10,146.00,0.00,0.00,,6,Ada
871,Biorand_BearTrap,60865,50.83,10.00,208.41,126.00,0.00,0.00,,6,Ada
872,Biorand_BearTrap,60865,51.65,10.00,204.04,-154.00,0.00,0.00,,6,Ada
873,Biorand_BearTrap,60865,51.49,10.00,199.20,-147.00,0.00,0.00,,6,Ada
874,Biorand_BearTrap,60865,48.00,10.00,197.59,-130.00,0.00,0.00,,6,Ada
875,Biorand_BearTrap,60865,47.46,10.05,192.90,-126.00,0.00,0.00,,6,Ada
876,Biorand_BearTrap,60865,43.33,10.00,192.02,-125.00,0.00,0.00,,6,Ada
877,Biorand_BearTrap,60865,44.54,10.00,187.65,-162.00,0.00,0.00,,6,Ada
878,Biorand_BearTrap,60865,37.01,12.50,191.43,-69.00,0.00,0.00,,6,Ada
879,Biorand_BearTrap,60865,34.59,12.50,193.58,-92.00,0.00,0.00,,6,Ada
880,Biorand_BearTrap,60865,38.61,12.50,196.06,59.00,0.00,0.00,,6,Ada
881,Biorand_BearTrap,60865,45.11,10.00,184.72,129.00,0.00,0.00,,6,Ada
882,Biorand_BearTrap,60865,49.52,10.00,183.14,108.00,0.00,0.00,,6,Ada
883,Biorand_BearTrap,60865,51.27,10.00,179.28,49.00,0.00,0.00,,6,Ada
884,Biorand_BearTrap,60865,52.50,10.00,180.93,44.00,0.00,0.00,,6,Ada
885,Biorand_BearTrap,60865,56.46,7.00,177.62,100.00,0.00,0.00,,6,Ada
886,Biorand_BearTrap,60865,44.64,3.06,206.06,-56.00,0.00,0.00,,6,Ada
887,Biorand_BearTrap,60865,38.00,3.06,207.01,-52.00,0.00,0.00,,6,Ada
888,Biorand_BearTrap,60865,35.76,3.12,212.19,-33.00,0.00,0.00,,6,Ada
889,Biorand_BearTrap,60865,30.36,3.96,212.78,-65.00,0.00,0.00,,6,Ada
890,Biorand_BearTrap,60865,30.67,4.13,214.86,38.00,0.00,0.00,,6,Ada
891,Biorand_BearTrap,60861,16.47,6.50,216.42,-142.00,0.00,0.00,,6,Ada
892,Biorand_BearTrap,60861,14.41,6.50,213.93,-114.00,0.00,0.00,,6,Ada
893,Biorand_BearTrap,60861,14.60,6.50,219.31,23.00,0.00,0.00,,6,Ada
894,Biorand_BearTrap,60861,22.07,6.48,224.40,21.00,0.00,0.00,,6,Ada
895,Biorand_BearTrap,60861,20.87,6.46,230.83,53.00,0.00,0.00,,6,Ada
896,Biorand_BearTrap,60861,26.29,6.33,235.58,16.00,0.00,0.00,,6,Ada
897,Biorand_BearTrap,60870,28.17,1.34,253.77,85.00,0.00,0.00,,6,Ada
898,Biorand_BearTrap,60871,37.33,1.32,251.88,-179.00,0.00,0.00,,6,Ada
899,Biorand_BearTrap,60871,38.87,1.32,260.43,11.00,0.00,0.00,,6,Ada
900,Biorand_BearTrap,60872,38.06,1.32,263.44,-1.00,0.00,0.00,,6,Ada
901,Biorand_BearTrap,60872,41.37,1.32,264.28,140.00,0.00,0.00,,6,Ada
902,Biorand_BearTrap,60872,45.07,1.32,260.96,65.00,0.00,0.00,,6,Ada
903,Biorand_BearTrap,60880,46.65,-3.66,262.10,-75.00,0.00,0.00,,6,Ada
904,Biorand_BearTrap,60880,42.24,-3.66,263.64,-110.00,0.00,0.00,,6,Ada
905,Biorand_BearTrap,60880,39.82,-3.66,260.36,118.00,0.00,0.00,,6,Ada
906,Biorand_BearTrap,60880,38.97,-3.66,255.58,-153.00,0.00,0.00,,6,Ada
907,Biorand_BearTrap,60880,42.41,-3.66,254.23,80.00,0.00,0.00,,6,Ada
908,Biorand_BearTrap,60880,49.63,-3.66,255.48,30.00,0.00,0.00,,6,Ada
909,Biorand_BearTrap,60881,52.17,-3.65,259.85,95.00,0.00,0.00,,6,Ada
910,Biorand_BearTrap,60881,53.92,-3.65,253.38,-180.00,0.00,0.00,,6,Ada
911,Biorand_BearTrap,60880,63.47,-3.66,248.51,179.00,0.00,0.00,,6,Ada
912,Biorand_BearTrap,60880,64.64,-3.66,245.80,178.00,0.00,0.00,,6,Ada
913,Biorand_BearTrap,60880,63.57,-3.66,244.08,-132.00,0.00,0.00,,6,Ada
914,Biorand_BearTrap,60880,63.75,-3.66,241.63,-163.00,0.00,0.00,,6,Ada
915,Biorand_BearTrap,60880,62.93,-3.65,231.55,-104.00,0.00,0.00,,6,Ada
916,Biorand_BearTrap,60880,58.87,-3.65,231.68,-86.00,0.00,0.00,,6,Ada
917,Biorand_BearTrap,60874,43.62,1.49,238.92,2.00,0.00,0.00,,6,Ada
918,Biorand_BearTrap,60871,48.21,1.32,253.47,90.00,0.00,0.00,,6,Ada
919,Biorand_BearTrap,60871,50.60,1.32,252.26,119.00,0.00,0.00,,6,Ada
920,Biorand_BearTrap,60871,52.20,1.32,254.34,86.00,0.00,0.00,,6,Ada
921,Biorand_BearTrap,60871,55.13,1.32,252.48,90.00,0.00,0.00,,6,Ada
922,Biorand_BearTrap,60871,57.92,1.32,253.41,90.00,0.00,0.00,,6,Ada
923,Biorand_BearTrap,60871,60.19,1.32,253.40,90.00,0.00,0.00,,6,Ada
924,Biorand_BearTrap,60873,79.16,1.32,255.27,11.00,0.00,0.00,,6,Ada
925,Biorand_BearTrap,60873,81.58,0.32,259.24,93.00,0.00,0.00,,6,Ada
926,Biorand_BearTrap,60873,82.70,0.32,257.61,157.00,0.00,0.00,,6,Ada
927,Biorand_BearTrap,60873,87.11,0.32,257.65,132.00,0.00,0.00,,6,Ada
928,Biorand_BearTrap,60874,41.82,1.32,235.47,-129.00,0.00,0.00,,6,Ada
929,Biorand_BearTrap,59200,-292.78,29.49,-214.88,107.00,0.00,0.00,,7,Ada
930,Biorand_BearTrap,59102,-292.37,29.49,-215.73,85.00,0.00,0.00,,7,Ada
931,Biorand_BearTrap,59102,-287.14,30.49,-216.23,108.00,0.00,0.00,,7,Ada
932,Biorand_BearTrap,59102,-281.37,30.49,-215.64,125.00,0.00,0.00,,7,Ada
933,Biorand_BearTrap,59102,-282.46,30.49,-221.54,175.00,0.00,0.00,,7,Ada
934,Biorand_BearTrap,59102,-274.55,30.49,-221.47,110.00,0.00,0.00,,7,Ada
935,Biorand_BearTrap,59101,-264.65,30.38,-221.26,104.00,0.00,0.00,,7,Ada
936,Biorand_BearTrap,59101,-259.35,30.51,-219.09,82.00,0.00,0.00,,7,Ada
937,Biorand_BearTrap,59101,-255.39,30.17,-222.56,99.00,0.00,0.00,,7,Ada
938,Biorand_BearTrap,59101,-249.28,30.13,-221.48,82.00,0.00,0.00,,7,Ada
939,Biorand_BearTrap,59101,-240.26,30.39,-217.88,84.00,0.00,0.00,,7,Ada
940,Biorand_BearTrap,59101,-235.05,30.38,-219.12,111.00,0.00,0.00,,7,Ada
941,Biorand_BearTrap,59101,-228.61,30.36,-219.06,70.00,0.00,0.00,,7,Ada
942,Biorand_BearTrap,59101,-225.63,30.37,-211.71,84.00,0.00,0.00,,7,Ada
943,Biorand_BearTrap,59101,-226.12,30.39,-204.01,-21.00,0.00,0.00,,7,Ada
944,Biorand_BearTrap,59101,-223.09,30.51,-198.43,-33.00,0.00,0.00,,7,Ada
945,Biorand_BearTrap,59101,-227.44,30.63,-195.42,-61.00,0.00,0.00,,7,Ada
946,Biorand_BearTrap,59101,-223.15,30.80,-191.40,44.00,0.00,0.00,,7,Ada
947,Biorand_BearTrap,59101,-224.91,30.86,-189.27,66.00,0.00,0.00,,7,Ada
948,Biorand_BearTrap,59101,-220.57,31.19,-186.02,23.00,0.00,0.00,,7,Ada
949,Biorand_BearTrap,59101,-220.51,31.25,-180.17,57.00,0.00,0.00,,7,Ada
950,Biorand_BearTrap,59101,-217.04,31.25,-177.17,6.00,0.00,0.00,,7,Ada
951,Biorand_BearTrap,59101,-220.27,31.30,-173.80,-8.00,0.00,0.00,,7,Ada
952,Biorand_BearTrap,59101,-219.36,31.49,-168.12,-68.00,0.00,0.00,,7,Ada
953,Biorand_BearTrap,69900,-218.84,64.00,-161.91,6.00,0.00,0.00,,7,Ada
954,Biorand_BearTrap,69900,-216.59,64.00,-153.70,56.00,0.00,0.00,,7,Ada
955,Biorand_BearTrap,69900,-208.43,61.00,-151.20,62.00,0.00,0.00,,7,Ada
956,Biorand_BearTrap,69900,-204.53,60.00,-153.56,162.00,0.00,0.00,,7,Ada
957,Biorand_BearTrap,69900,-202.06,60.00,-157.58,141.00,0.00,0.00,,7,Ada
958,Biorand_BearTrap,69900,-207.07,60.00,-163.12,-167.00,0.00,0.00,,7,Ada
959,Biorand_BearTrap,69900,-197.58,60.00,-162.40,76.00,0.00,0.00,,7,Ada
960,Biorand_BearTrap,69900,-187.75,60.00,-157.65,107.00,0.00,0.00,,7,Ada
961,Biorand_BearTrap,69900,-187.87,60.00,-165.61,174.00,0.00,0.00,,7,Ada
962,Biorand_BearTrap,69900,-184.64,60.00,-172.90,174.00,0.00,0.00,,7,Ada
963,Biorand_BearTrap,69900,-185.32,60.00,-172.76,174.00,0.00,0.00,,7,Ada
964,Biorand_BearTrap,68206,-184.88,65.89,-178.60,179.00,0.00,0.00,,7,Ada
965,Biorand_BearTrap,68206,-186.31,65.89,-182.08,177.00,0.00,0.00,,7,Ada
966,Biorand_BearTrap,68206,-182.74,65.89,-185.07,117.00,0.00,0.00,,7,Ada
967,Biorand_BearTrap,68206,-179.71,65.89,-189.18,104.00,0.00,0.00,,7,Ada
968,Biorand_BearTrap,68206,-179.94,65.89,-185.05,80.00,0.00,0.00,,7,Ada
969,Biorand_BearTrap,68204,-175.22,65.89,-182.51,-50.00,0.00,0.00,,7,Ada
970,Biorand_BearTrap,68205,-174.95,65.89,-178.88,-171.00,0.00,0.00,,7,Ada
971,Biorand_BearTrap,68204,-162.24,66.14,-185.62,132.00,0.00,0.00,,7,Ada
972,Biorand_BearTrap,68204,-160.05,65.89,-190.88,135.00,0.00,0.00,,7,Ada
973,Biorand_BearTrap,68204,-155.01,65.89,-193.54,108.00,0.00,0.00,,7,Ada
974,Biorand_BearTrap,68203,-144.17,65.89,-195.04,74.00,0.00,0.00,,7,Ada
975,Biorand_BearTrap,68203,-141.26,65.89,-195.22,103.00,0.00,0.00,,7,Ada
976,Biorand_BearTrap,68203,-130.63,65.89,-197.24,1.00,0.00,0.00,,7,Ada
977,Biorand_BearTrap,68203,-131.13,65.89,-195.80,-8.00,0.00,0.00,,7,Ada
978,Biorand_BearTrap,68203,-131.24,65.89,-194.32,-3.00,0.00,0.00,,7,Ada
979,Biorand_BearTrap,68203,-125.68,65.89,-191.11,47.00,0.00,0.00,,7,Ada
980,Biorand_BearTrap,68203,-123.19,65.91,-187.48,47.00,0.00,0.00,,7,Ada
981,Biorand_BearTrap,69850,-218.83,60.00,-139.78,85.00,0.00,0.00,,7,Ada
982,Biorand_BearTrap,69850,-209.51,60.00,-137.96,-3.00,0.00,0.00,,7,Ada
983,Biorand_BearTrap,69850,-209.66,60.00,-131.12,-3.00,0.00,0.00,,7,Ada
984,Biorand_BearTrap,69850,-213.74,60.00,-129.50,-100.00,0.00,0.00,,7,Ada
985,Biorand_BearTrap,69850,-232.78,56.00,-133.13,178.00,0.00,0.00,,7,Ada
986,Biorand_BearTrap,69850,-232.56,56.00,-138.24,179.00,0.00,0.00,,7,Ada
987,Biorand_BearTrap,69850,-228.60,52.00,-140.13,121.00,0.00,0.00,,7,Ada
988,Biorand_BearTrap,69850,-221.08,52.00,-142.84,66.00,0.00,0.00,,7,Ada
989,Biorand_BearTrap,69850,-221.60,52.00,-138.23,-4.00,0.00,0.00,,7,Ada
990,Biorand_BearTrap,69850,-221.40,52.00,-132.43,3.00,0.00,0.00,,7,Ada
991,Biorand_BearTrap,69850,-218.91,50.00,-113.69,-91.00,0.00,0.00,,7,Ada
992,Biorand_BearTrap,69850,-220.01,50.00,-113.41,-90.00,0.00,0.00,,7,Ada
993,Biorand_BearTrap,69850,-221.35,50.00,-113.40,-91.00,0.00,0.00,,7,Ada
994,Biorand_BearTrap,69850,-222.64,50.00,-113.42,-46.00,0.00,0.00,,7,Ada
995,Biorand_BearTrap,69850,-214.66,50.00,-113.73,55.00,0.00,0.00,,7,Ada
996,Biorand_BearTrap,69850,-213.44,50.00,-107.60,-7.00,0.00,0.00,,7,Ada
997,Biorand_BearTrap,69850,-215.29,50.00,-103.20,-127.00,0.00,0.00,,7,Ada
998,Biorand_BearTrap,69850,-223.88,50.00,-110.46,-93.00,0.00,0.00,,7,Ada
999,Biorand_BearTrap,69850,-228.24,50.00,-109.08,-95.00,0.00,0.00,,7,Ada
1000,Biorand_BearTrap,69850,-231.10,50.00,-105.54,7.00,0.00,0.00,,7,Ada
1001,Biorand_BearTrap,69850,-226.76,50.00,-104.01,67.00,0.00,0.00,,7,Ada
1002,Biorand_BearTrap,69850,-229.38,50.00,-99.07,-82.00,0.00,0.00,,7,Ada
1003,Biorand_BearTrap,69850,-222.99,50.00,-99.09,90.00,0.00,0.00,,7,Ada
1004,Biorand_BearTrap,69850,-207.96,53.96,-100.22,-179.00,0.00,0.00,,7,Ada
1005,Biorand_BearTrap,69850,-218.34,53.96,-102.15,-93.00,0.00,0.00,,7,Ada
1006,Biorand_BearTrap,69850,-216.63,53.96,-105.52,-132.00,0.00,0.00,,7,Ada
1007,Biorand_BearTrap,69850,-226.66,53.96,-102.05,-113.00,0.00,0.00,,7,Ada
1008,Biorand_BearTrap,69850,-228.20,53.96,-106.46,172.00,0.00,0.00,,7,Ada
1009,Biorand_BearTrap,69850,-225.09,53.96,-115.90,166.00,0.00,0.00,,7,Ada
1010,Biorand_BearTrap,69850,-226.63,53.96,-118.05,-151.00,0.00,0.00,,7,Ada
1011,Biorand_BearTrap,69850,-220.91,53.96,-120.42,71.00,0.00,0.00,,7,Ada
1012,Biorand_BearTrap,69850,-213.80,53.96,-120.12,90.00,0.00,0.00,,7,Ada
1013,Biorand_BearTrap,69850,-209.98,53.96,-118.57,14.00,0.00,0.00,,7,Ada
1014,Biorand_BearTrap,69850,-208.81,53.96,-112.62,16.00,0.00,0.00,,7,Ada
1015,Biorand_BearTrap,69850,-210.33,53.96,-110.18,-50.00,0.00,0.00,,7,Ada
1016,Biorand_BearTrap,69850,-207.64,53.96,-107.62,89.00,0.00,0.00,,7,Ada
1017,Biorand_BearTrap,69850,-207.66,57.96,-105.60,-3.00,0.00,0.00,,7,Ada
1018,Biorand_BearTrap,69850,-208.39,57.96,-100.72,6.00,0.00,0.00,,7,Ada
1019,Biorand_BearTrap,69850,-210.48,57.96,-99.12,-93.00,0.00,0.00,,7,Ada
1020,Biorand_BearTrap,69850,-224.75,62.89,-106.63,173.00,0.00,0.00,,7,Ada
1021,Biorand_BearTrap,69850,-223.64,62.89,-110.68,156.00,0.00,0.00,,7,Ada
1022,Biorand_BearTrap,69850,-192.82,64.87,-115.02,86.00,0.00,0.00,,7,Ada
1023,Biorand_BearTrap,69850,-196.06,64.87,-119.35,-178.00,0.00,0.00,,7,Ada
1024,Biorand_BearTrap,69850,-193.66,64.87,-124.28,93.00,0.00,0.00,,7,Ada
1025,Biorand_BearTrap,69850,-189.94,64.87,-124.97,-176.00,0.00,0.00,,7,Ada
1026,Biorand_BearTrap,69850,-189.74,64.87,-119.27,-6.00,0.00,0.00,,7,Ada
1027,Biorand_BearTrap,69850,-192.94,61.45,-144.89,179.00,0.00,0.00,,7,Ada
1028,Biorand_BearTrap,69100,-189.51,60.00,-158.29,54.00,0.00,0.00,,7,Ada
1029,Biorand_BearTrap,69100,-189.64,60.00,-161.13,-164.00,0.00,0.00,,7,Ada
1030,Biorand_BearTrap,69100,-186.33,60.00,-161.26,25.00,0.00,0.00,,7,Ada
1031,Biorand_BearTrap,69100,-183.57,60.00,-160.19,169.00,0.00,0.00,,7,Ada
1032,Biorand_BearTrap,69100,-185.69,60.00,-165.04,-174.00,0.00,0.00,,7,Ada
1033,Biorand_BearTrap,69100,-186.57,60.00,-168.53,168.00,0.00,0.00,,7,Ada
1034,Biorand_BearTrap,69100,-184.83,60.00,-173.73,166.00,0.00,0.00,,7,Ada
1035,Biorand_BearTrap,68206,-183.74,59.99,-176.22,161.00,0.00,0.00,,7,Ada
1036,Biorand_BearTrap,69100,-182.14,60.00,-170.62,159.00,0.00,0.00,,7,Ada
1037,Biorand_BearTrap,68206,-186.41,65.89,-185.72,-159.00,0.00,0.00,,7,Ada
1038,Biorand_BearTrap,68206,-187.49,65.89,-188.28,-153.00,0.00,0.00,,7,Ada
1039,Biorand_Merchant,50100,-326.70,7.90,63.90,0.00,0.00,0.00,,1,Ada
1040,Biorand_MerchantTorch,50100,-325.90,7.90,62.50,0.00,0.00,0.00,,1,Ada
1041,Biorand_Merchant,47100,89.00,9.50,-156.00,0.00,0.00,0.00,,2,Ada
1042,Biorand_MerchantTorch,47100,91.20,9.50,-155.00,0.00,0.00,0.00,,2,Ada
1043,Biorand_Merchant,51854,28.50,18.70,-15.80,0.00,0.00,0.00,,4,Ada
1044,Biorand_MerchantTorch,51854,26.90,18.70,-16.40,0.00,0.00,0.00,,4,Ada
1045,Biorand_Merchant,69900,-224.40,64.00,-162.00,0.00,0.00,0.00,ea7547fd-9ede-45f9-a70d-2804c1cae4c7,7,Ada
1046,Biorand_MerchantTorch,69900,-222.50,64.00,-162.20,0.00,0.00,0.00,ea7547fd-9ede-45f9-a70d-2804c1cae4c7,7,Ada